가	ec
거냐	ec
거늘	ec
거니	ec
거니와	ec
거던	ec
거든	ec
거든요	ec
거들랑	ec
거라	ec
건대	ec
건데	ec
건마는	ec
건만	ec
게끔	ec
게든	ec
게든지	ec
게라고	ec
게라도	ec
게시리	ec
게요	ec
고는	ec
고라니	ec
고라도	ec
고만요	ec
고서라도	ec
고서리	ec
고야	ec
관데	ec
구나	ec
구려	ec
구료	ec
구마는	ec
구만	ec
구먼	ec
구요	ec
군요	ec
굼지서	ec
기로서니	ec
기에	ec
길래	ec
까	ec
까요	ec
나니	ec
나마	ec
나마나	ec
나요	ec
나이까	ec
나이다	ec
나지	ec
냐고	ec
냐구	ec
냐느니	ec
냐는데	ec
냐며	ec
냐면	ec
냐면서	ec
너라	ec
너라고	ec
네라고	ec
네요	ec
노니	ec
노라	ec
노라고	ec
노라니	ec
노라면	ec
느냐	ec
느냐고	ec
느냐구	ec
느냐니까	ec
느냐며	ec
느냐면서	ec
느니	ec
느니라	ec
느니만	ec
느라	ec
느라고	ec
느라구	ec
느라니까	ec
는가	ec
는가고	ec
는가라고	ec
는가시피	ec
는고	ec
는구나	ec
는구먼	ec
는군	ec
는다	ec
는다거나	ec
는다고	ec
는다구	ec
는다느니	ec
는다는데	ec
는다니	ec
는다든가	ec
는다든지	ec
는다며	ec
는다면	ec
는다면서	ec
는다지	ec
는다지만	ec
는담서	ec
는대	ec
는대서야	ec
는대야	ec
는데	ec
는데다	ec
는데다가	ec
는데도	ec
는데서	ec
는데요	ec
는디	ec
는디유	ec
는바	ec
는지	ec
는지라	ec
는지요	ec
니까	ec
니까요	ec
니깐	ec
니께	ec
니끼니	ec
니난	ec
니다	ec
니라	ec
니만큼	ec
다가	ec
다가는	ec
다간	ec
다거나	ec
다고	ec
다고는	ec
다구요	ec
다기로서니	ec
다기에	ec
다나	ec
다나니	ec
다나면	ec
다네	ec
다느니	ec
다는데	ec
다니	ec
다니까	ec
다더군요	ec
다더니	ec
다더라	ec
다던가	ec
다던데	ec
다던지	ec
다든가	ec
다든지	ec
다라고	ec
다마는	ec
다마다	ec
다며	ec
다면서	ec
다손	ec
다시피	ec
다오	ec
다우	ec
다지	ec
다지만	ec
단다	ec
답니다	ec
대나	ec
대니까	ec
대요	ec
댔자	ec
더군	ec
더군요	ec
더냐	ec
더냐고	ec
더니	ec
더니만	ec
더라	ec
더라고	ec
더라고요	ec
더라구	ec
더라구요	ec
더라니	ec
더라니까	ec
더라니까요	ec
더라도	ec
더라두	ec
더라든가	ec
더라만	ec
더라며	ec
더라면	ec
더라면서	ec
더라지	ec
더래도	ec
더래요	ec
던가	ec
던가요	ec
던고	ec
던데	ec
던데요	ec
던들	ec
던디	ec
던바	ec
던지	ec
던지라	ec
도다	ec
드라두	ec
드래두	ec
드먼	ec
든가	ec
든데	ec
든동	ec
든지	ec
디요	ec
라	ec
라거나	ec
라거니	ec
라고	ec
라고까지	ec
라구	ec
라나	ec
라네	ec
라느니	ec
라는가	ec
라는데	ec
라는지	ec
라니	ec
라니까	ec
라니께네	ec
라더군요	ec
라더니	ec
라더라	ec
라던가	ec
라던데	ec
라던지	ec
라두	ec
라든	ec
라든가	ec
라든지	ec
라마잉	ec
라며	ec
라면서	ec
라서	ec
라서요	ec
라야	ec
라요	ec
라우	ec
라지	ec
라지만	ec
란다	ec
랄까	ec
랄지	ec
랍니다	ec
랍시고	ec
랑께	ec
래	ec
래니까	ec
래도	ec
래두	ec
래서	ec
래야	ec
래요	ec
래이	ec
랬자	ec
랴	ec
랴마는	ec
랴셔	ec
러	ec
러니	ec
러면	ec
런지	ec
려	ec
려거나	ec
려거든	ec
려고	ec
려구	ec
려구요	ec
려나	ec
려네	ec
려느냐고	ec
려는가	ec
려는고	ec
려는데	ec
려는지	ec
려니	ec
려니까	ec
려니와	ec
려다	ec
려다가	ec
려도	ec
려면	ec
려면은	ec
려무나	ec
련가	ec
련다	ec
련다고	ec
렵니다	ec
로구나	ec
로구먼	ec
로군요	ec
로다	ec
로되	ec
로소이다	ec
리니	ec
리다	ec
리라	ec
리라고	ec
리만치	ec
리만큼	ec
리오	ec
마고	ec
망정	ec
며	ec
면서	ec
므로	ec
믄	ec
뿐더러	ec
사오니	ec
세라	ec
소냐	ec
소만	ec
소서	ec
소이다	ec
수록	ec
슈	ec
스므니다	ec
습니까	ec
습니다	ec
습니다라고	ec
습니다마는	ec
습니다만	ec
시고	ec
시라	ec
시와	ec
심더	ec
씸니더	ec
아다	ec
아다가	ec
아도	ec
아두	ec
아두요	ec
아라	ec
아서	ec
아서도	ec
아서든	ec
아서라고	ec
아서라도	ec
아서라두	ec
아서요	ec
아서요라고	ec
아선데	ec
아선지	ec
아야	ec
아야디	ec
아야만	ec
아야죠	ec
아야지	ec
아야지라든가	ec
아야지요	ec
아요	ec
아유	ec
앗	ec
애라고	ec
어다	ec
어다가	ec
어도	ec
어두	ec
어라	ec
어라고	ec
어모마	ec
어서든지	ec
어서라도	ec
어서래도	ec
어서요	ec
어선지	ec
어시아	ec
어야	ec
어야만	ec
어야지	ec
어야지요	ec
어요	ec
언만	ec
언정	ec
에요	ec
오리까	ec
오면	ec
오이다	ec
올시다	ec
옵니다	ec
외다	ec
웨다	ec
으나	ec
으나마	ec
으냐	ec
으냐고	ec
으니	ec
으니까	ec
으니까요	ec
으니깐	ec
으니끼니	ec
으니라구	ec
으니만큼	ec
으되	ec
으라	ec
으라거나	ec
으라고	ec
으라구	ec
으라느니	ec
으라는데	ec
으라니까	ec
으라면	ec
으락	ec
으랴	ec
으랴마는	ec
으러	ec
으려	ec
으려고	ec
으려나	ec
으려는데	ec
으려는지	ec
으려니	ec
으려니까	ec
으려니와	ec
으려다	ec
으려다가	ec
으려면	ec
으련만	ec
으료	ec
으리	ec
으리라	ec
으리라고	ec
으리로다	ec
으리만큼	ec
으리오	ec
으마	ec
으매	ec
으며	ec
으면	ec
으면서	ec
으면서도	ec
으모	ec
으므로	ec
으소서	ec
으오리까	ec
은가	ec
은가고	ec
은데	ec
은데다	ec
은데다가	ec
은들	ec
은바	ec
은즉	ec
은지	ec
을지	ec
을지니	ec
을지라도	ec
을지언정	ec
자느니	ec
자는데	ec
자니	ec
자니까	ec
자마자	ec
자며	ec
자면	ec
자면서	ec
잖니	ec
잖아	ec
잖아요	ec
죠	ec
지는	ec
지마는	ec
지만	ec
지만요	ec
지요	ec
지유	ec
갑더라	ef
게나	ef
구래	ef
구마는야	ef
구만요	ef
구말구	ef
구먼요	ef
구먼유	ef
구먼이라우	ef
구야	ef
께요	ef
나다	ef
남유	ef
냐고요	ef
냐구요	ef
냐니	ef
네예	ef
느냐구요	ef
느뇨	ef
느라구요	ef
는가다	ef
는가요	ef
는강	ef
는걸	ef
는걸요	ef
는게	ef
는구려	ef
는구만	ef
는군요	ef
는다니까	ef
는다더군	ef
는다던가	ef
는다면요	ef
는다요	ef
는단다	ef
는단대이	ef
는답니다	ef
는대여	ef
는대요	ef
는대유	ef
는데예	ef
는도다	ef
는디요	ef
능교	ef
니더	ef
다가요	ef
다고요	ef
다나요	ef
다뇨	ef
다누만	ef
다는구나	ef
다는군	ef
다는군요	ef
다는데요	ef
다니까요	ef
다니깐요	ef
다니요	ef
다면서요	ef
다야	ef
다잖아	ef
다지요	ef
답니까	ef
답디까	ef
답디다	ef
당께	ef
대더라	ef
대지요	ef
댄다	ef
더구만	ef
더구만요	ef
더구먼	ef
더노	ef
더라나	ef
더라나요	ef
더라던데요	ef
더라죠	ef
더란다	ef
더랍니다	ef
더래	ef
더랬습니다	ef
더만	ef
더만요	ef
더만유	ef
던걸요	ef
던데유	ef
던지요	ef
데요	ef
두만	ef
드라	ef
드라구	ef
드만요	ef
든지요	ef
라고요	ef
라구요	ef
라나요	ef
라뇨	ef
라는구나	ef
라는군	ef
라니까요	ef
라니요	ef
라던데요	ef
라데	ef
라리까요	ef
라면서요	ef
람	ef
래나	ef
래유	ef
랬잖아	ef
러지	ef
려고요	ef
려느냐	ef
려는구나	ef
려는구료	ef
려마	ef
렵니까	ef
렷다	ef
렸다	ef
로구만	ef
로군	ef
리까	ef
리로다	ef
면서요	ef
소이까	ef
수다래	ef
습니까요	ef
습니꺼	ef
습니다요	ef
습디까	ef
습디다	ef
습디더	ef
습매	ef
습죠	ef
습지요	ef
시다레	ef
시오	ef
시요	ef
시유	ef
아라도	ef
아서다	ef
아야잖아요	ef
아야지이	ef
애요	ef
야요	ef
야지	ef
어라우	ef
어서다	ef
어서랴	ef
어야죠	ef
어여	ef
어예	ef
어요오	ef
어유	ef
예요	ef
오리오	ef
요오	ef
우워	ef
으네요	ef
으다	ef
으라네	ef
으래요	ef
으려네	ef
으련	ef
으련다	ef
으렴	ef
으렵니다	ef
으렷다	ef
으면서요	ef
으소	ef
으슈	ef
은가요	ef
은걸	ef
은데요	ef
은지고	ef
을걸	ef
을걸요	ef
을게	ef
을게다	ef
을게요	ef
을께요	ef
을꼬	ef
을씨고	ef
읍니까	ef
읍니다요	ef
읍디다	ef
읍죠	ef
이소	ef
자구요	ef
자꾸나	ef
자우	ef
자우요	ef
잖나	ef
잖소	ef
잖수	ef
잖습니까	ef
잖어	ef
즈으	ef
지러	ef
지비	ef
지어다	ef
지예	ef
지오	ef
쩌	ef
갔	ep
것	ep
겄	ep
겠	ep
사오	ep
시	ep
았	ep
았었	ep
엇	ep
었	ep
었었	ep
오	ep
옵	ep
으시	ep
고픈	et
냐는	et
냐라는	et
냔	et
노라는	et
느냐는	et
느냐라는	et
는	et
는가는	et
는가라는	et
는가란	et
는다기	et
는다는	et
는단	et
다는	et
다더라는	et
다던	et
다라는	et
다란	et
더라는	et
더라던	et
더란	et
던	et
든	et
라기	et
라는	et
라던	et
랄	et
랠	et
랴는	et
려는	et
려던	et
련다는	et
리라는	et
리라던	et
리란	et
마는	et
마던	et
아서라기	et
아서라는	et
야라는	et
어서라기	et
어요라는	et
으냐는	et
으라는	et
으란	et
으려는	et
으려던	et
으리라는	et
으리란	et
을까라는	et
을까란	et
읍니까마는	et
이라는	et
자는	et
자던	et
자라는	et
경롓	ii
그것참	ii
그래요	ii
그러엄	ii
그럼요	ii
그럼은요	ii
그렇지	ii
그참	ii
글쎄	ii
글쎄다	ii
글쎄요	ii
기쎄	ii
까짓거	ii
내롱	ii
네에	ii
네엣	ii
녜에	ii
니기미	ii
니미	ii
뎃끼	ii
라랄라랄	ii
맙소사	ii
머	ii
무시기	ii
뭘	ii
세상에	ii
쉬잇	ii
쉿	ii
씨발	ii
씨부랄	ii
씨이	ii
씨팔	ii
아고	ii
아냐	ii
아뇨	ii
아니야	ii
아니오	ii
아니요	ii
아따	ii
아멘	ii
아무려나	ii
아무려면	ii
아무렴	ii
아뿔사	ii
아뿔싸	ii
아서라	ii
아소	ii
아아뇨	ii
아아니	ii
아아씨	ii
아암	ii
아앙	ii
아얏	ii
아으	ii
아이고	ii
아이고오	ii
아이구	ii
아이쿠	ii
아차	ii
아참	ii
아하	ii
아항	ii
아휴	ii
앗다	ii
애개	ii
애걔	ii
애걔걔	ii
애고	ii
애그	ii
애햄	ii
야아	ii
야야	ii
야호	ii
얀마	ii
얏호	ii
얘	ii
어거	ii
어기야	ii
어디	ii
어매	ii
어머	ii
어머나	ii
어머머	ii
어머머머	ii
어어	ii
어어이	ii
어와	ii
어이구	ii
어이야	ii
어이어이	ii
어이쿠	ii
어쭈	ii
어허	ii
어휴	ii
어흠	ii
억	ii
얼시고나	ii
얼싸	ii
얼씨고나	ii
얼씨구나	ii
에구	ii
에또	ii
에라	ii
에유	ii
에이고	ii
에이구	ii
에이구머니	ii
에헴	ii
여보게	ii
여보세요	ii
여보쇼	ii
여보슈	ii
예끼	ii
예에	ii
예예	ii
예이	ii
옛다	ii
옛소	ii
옜다	ii
오냐	ii
오라잇	ii
오매	ii
오머머	ii
오메	ii
오오	ii
오오냐	ii
오호	ii
올레	ii
옳지	ii
옴브레	ii
옵소	ii
옹야	ii
와아	ii
용용	ii
우무	ii
우히히히	ii
워매	ii
워어리	ii
웬걸요	ii
으아	ii
으악	ii
으앗	ii
으앙	ii
으음	ii
으응	ii
으헤헤	ii
으흠으흠	ii
으흥	ii
응아	ii
응응	ii
이그	ii
이러언	ii
이보슈	ii
이봐	ii
이봐라	ii
이애	ii
이잉	ii
익익	ii
임마	ii
제기랄	ii
제길	ii
제미	ii
제미랄	ii
젠장	ii
좋아	ii
지미씨팔	ii
짜샤	ii
쯧쯧쯧	ii
차려	ii
천만에	ii
쳇	ii
칫	ii
캬	ii
피이	ii
하이고	ii
하하	ii
하하핫	ii
하핫	ii
핫핫	ii
햐	ii
햐아	ii
허어	ii
헛헛헛	ii
호오	ii
호호	ii
호호호	ii
후여	ii
후우	ii
후이	ii
후훗	ii
휴우	ii
흐응	ii
흐흥	ii
흑흑흑	ii
히야	ii
게도	jc
게만	jc
과	jc
과는	jc
과의	jc
까지나	jc
까지는	jc
까지도	jc
까지라도	jc
까지로	jc
까지를	jc
까지만	jc
까지만을	jc
까지만의	jc
까지만이라도	jc
까지와는	jc
까지요	jc
까지의	jc
께로부터	jc
께로의	jc
께만의	jc
께서	jc
께서는	jc
께오서	jc
께옵서	jc
대로	jc
대로요	jc
대로의	jc
대론	jc
라고도	jc
라고만	jc
라고만도	jc
란	jc
랑	jc
랑은	jc
로나	jc
로는	jc
로도	jc
로부터	jc
로부터는	jc
로부터의	jc
로서	jc
로서는	jc
로서의	jc
로선	jc
로써	jc
로써의	jc
로요	jc
로의	jc
를	jc
마다로부터	jc
마다에게	jc
마다의	jc
마따나	jc
마저도	jc
만도	jc
만에	jc
만요	jc
만으로	jc
만으로는	jc
만으로도	jc
만으로서	jc
만으로서의	jc
만은	jc
만을	jc
만의	jc
만이	jc
만이라도	jc
말고는	jc
말고도	jc
밖엔	jc
보구	jc
보다는	jc
보다도	jc
보담	jc
부터라도	jc
부터서는	jc
부터는	jc
부터도	jc
뿐만	jc
서부터도	jc
서건	jc
서는	jc
서도	jc
서부터	jc
서의	jc
스런	jc
시여	jc
에게	jc
에게까지	jc
에게나	jc
에게는	jc
에게도	jc
에게로	jc
에게만	jc
에게서	jc
에게선	jc
에겐	jc
에겐가	jc
에겐가는	jc
에겐가로	jc
에까지	jc
에까지는	jc
에나	jc
에는	jc
에다	jc
에다가	jc
에도	jc
에만	jc
에만도	jc
에서	jc
에서부터	jc
에서부터는	jc
에서부터도	jc
에서부터만	jc
에서부터만은	jc
에서나	jc
에서는	jc
에서도	jc
에서든지	jc
에서만	jc
에서만도	jc
에서만은	jc
에서부터만도	jc
에서의	jc
에선	jc
에야	jc
와는	jc
와도	jc
와의	jc
으로	jc
으로부터	jc
으로부터는	jc
으로는	jc
으로도	jc
으로만	jc
으로서	jc
으로서는	jc
으로서도	jc
으로서의	jc
으로써	jc
으로요	jc
으로한	jc
으론	jc
으루	jc
은랑	jc
은요	jc
이	jc
이가	jc
이건	jc
이고	jc
이나	jc
이는	jc
이든	jc
이든지	jc
이라거나	jc
이라고	jc
이라고는	jc
이라고도	jc
이라도	jc
이라면서	jc
이라서	jc
이란	jc
이란게	jc
이랑	jc
이를	jc
이며	jc
이부터	jc
이시여	jc
이에게	jc
이에게도	jc
이여	jc
이와	jc
이와도	jc
이지만	jc
조차도	jc
처럼	jc
하고	jc
하고야	jc
한테	jc
한테도	jc
한테로	jc
한테서	jc
한테서부터	jc
까지	jx
깨나	jx
꺼정	jx
는커녕	jx
따라	jx
밖에	jx
부터	jx
야말로	jx
은커녕	jx
이야	jx
이야말로	jx
치고	jx
커녕	jx
가급적	ma
가까스로	ma
가까이	ma
가끔	ma
가끔가끔	ma
가끔가다	ma
가닥가닥	ma
가득	ma
가득가득	ma
가득히	ma
가뜩이나	ma
가령	ma
가로	ma
가르랑	ma
가만	ma
가만가만	ma
가만히	ma
가물가물	ma
가벼이	ma
가부간	ma
가뿐히	ma
가상히	ma
가엾이	ma
가장	ma
가지런히	ma
가히	ma
각각	ma
각기	ma
각별히	ma
각설	ma
간간	ma
간간이	ma
간곡히	ma
간단히	ma
간드랑	ma
간략히	ma
간신히	ma
간실간실	ma
간절히	ma
간질간질	ma
간편히	ma
간혹	ma
갈가리	ma
갈기갈기	ma
갈수록	ma
갈팡질팡	ma
갉작갉작	ma
감연히	ma
감쪽같이	ma
감히	ma
갑자기	ma
갑작스레	ma
강경히	ma
강력히	ma
같이	ma
개굴개굴	ma
갸르르	ma
갸우뚱	ma
거꾸로	ma
거듭	ma
거듭거듭	ma
거뜬히	ma
거뭇거뭇	ma
거반	ma
거의	ma
거저	ma
거지반	ma
거진	ma
거침없이	ma
거푸	ma
건성건성	ma
걸핏하면	ma
게다가	ma
게을리	ma
겨우	ma
겨우내	ma
격렬히	ma
격하게	ma
격한	ma
견고히	ma
결국	ma
결단코	ma
결연히	ma
결코	ma
겸허히	ma
겹겹이	ma
경건히	ma
경솔히	ma
고래고래	ma
고래로	ma
고로	ma
고루고루	ma
고만	ma
고분고분	ma
고사하고	ma
고생스레	ma
고스란히	ma
고요히	ma
고작	ma
고즈넉이	ma
고집스레	ma
곤드레만드레	ma
곤히	ma
곧	ma
곧대로	ma
곧바로	ma
곧이	ma
곧이곧대로	ma
곧이어	ma
곧잘	ma
곧장	ma
곧추	ma
골고루	ma
골똘히	ma
골몰스레	ma
곰곰	ma
곰곰이	ma
곰곰히	ma
곰슬곰슬	ma
곱슬곱슬	ma
곱실곱실	ma
공고히	ma
공공연히	ma
공손히	ma
공연히	ma
공평히	ma
공히	ma
과감히	ma
과연	ma
관계없이	ma
관대히	ma
광범히	ma
괜스리	ma
괜시리	ma
괜히	ma
굉장히	ma
교묘히	ma
구비구비	ma
구질구질	ma
구태어	ma
구태여	ma
군데군데	ma
굳건히	ma
굳이	ma
굽신굽신	ma
굽이굽이	ma
궁금히	ma
귀히	ma
그나	ma
그나마	ma
그나저나	ma
그냥	ma
그냥저냥	ma
그다지	ma
그대로	ma
그대루	ma
그득	ma
그득히	ma
그때그때	ma
그때껏	ma
그라고	ma
그라머	ma
그래	ma
그래도	ma
그래두	ma
그래서	ma
그래야	ma
그러구	ma
그러나	ma
그러나저러나	ma
그러니	ma
그러니까	ma
그러니끼니	ma
그러다가	ma
그러더니	ma
그러면	ma
그러면서	ma
그러므로	ma
그러자	ma
그러잖아도	ma
그러잖아두	ma
그러저럭	ma
그럭저럭	ma
그런대로	ma
그런데	ma
그런데로	ma
그럼	ma
그렁그렁	ma
그렇게	ma
그렇다면	ma
그렇지만	ma
그리	ma
그리고	ma
그리구	ma
그리도	ma
그리로	ma
그리하여	ma
그만치	ma
그만큼	ma
그야말로	ma
그예	ma
그윽히	ma
그저	ma
그제사	ma
그제서	ma
그제서야	ma
그제야	ma
그지없이	ma
그토록	ma
극구	ma
극명히	ma
극악스레	ma
극진히	ma
극히	ma
근간히	ma
근근이	ma
근근히	ma
근데	ma
근질근질	ma
금방	ma
금새	ma
금세	ma
급격히	ma
급기야	ma
급속이	ma
급속히	ma
급작스레	ma
급작히	ma
급히	ma
기꺼이	ma
기껏	ma
기껏해야	ma
기러니끼니	ma
기런데	ma
기리	ma
기실	ma
기어이	ma
기어코	ma
기왕이면	ma
기왕에	ma
기우뚱	ma
기웃	ma
기웃이	ma
기탄없이	ma
기필코	ma
긴급히	ma
긴데	ma
긴밀히	ma
긴히	ma
길길이	ma
길이길이	ma
깊숙이	ma
깊숙히	ma
깊이	ma
깊이깊이	ma
까딱	ma
까르르	ma
까르륵	ma
까마득히	ma
까빡까빡	ma
까슬까슬	ma
깍	ma
깍듯이	ma
깔깔깔	ma
깔깔깔깔	ma
깜냥껏	ma
깜박	ma
깜빡	ma
깜작	ma
깜짝	ma
깜짝깜짝	ma
깜쪽같이	ma
깡그리	ma
깡깡깡깡	ma
깡충깡충	ma
깨끗이	ma
꺼꾸로	ma
꺼떡	ma
꺼뻑	ma
껄껄	ma
껌벅껌벅	ma
껌뻑	ma
껍죽껍죽	ma
껍진껍진	ma
껑충껑충	ma
꼬깃꼬깃	ma
꼬꼬	ma
꼬들꼬들	ma
꼬르르	ma
꼬박	ma
꼬박꼬박	ma
꼬불꼬불	ma
꼬옥	ma
꼬치꼬치	ma
꼭	ma
꼭꼭	ma
꼴깍	ma
꼼꼼히	ma
꼼작	ma
꼼지락꼼지락	ma
꼼짝	ma
꼼짝달싹	ma
꼼짝없이	ma
꼿꼿이	ma
꽁꽁	ma
꽁꽁꽁꽁꽁	ma
꽉	ma
꽉꽉	ma
꽝	ma
꽤	ma
꽥	ma
꾸득꾸득	ma
꾸루륵	ma
꾸룩꾸룩	ma
꾸르럭	ma
꾸르르	ma
꾸륵	ma
꾸밈없이	ma
꾸벅	ma
꾸벅꾸벅	ma
꾸부정히	ma
꾸불꾸불	ma
꾸뻑	ma
꾸역꾸역	ma
꾸준히	ma
꾹	ma
꾹꾹	ma
꿀걱	ma
꿀꺽	ma
꿀꺽꿀꺽	ma
꿀꿀	ma
꿀떡	ma
꿈적	ma
꿈쩍	ma
꿈틀	ma
꿈틀꿈틀	ma
꿋꿋이	ma
꿍꿍	ma
끄덕	ma
끄덕끄덕	ma
끄떡	ma
끄떡없이	ma
끈적끈적	ma
끊임없이	ma
끌끌	ma
끔찍이	ma
끔찍히	ma
끗끗이	ma
끙끙	ma
끝끝내	ma
끝내	ma
끝없이	ma
끼득끼득	ma
끼르륵	ma
끼리끼리	ma
끼익	ma
끽	ma
낄낄	ma
낄낄낄	ma
낑낑	ma
나날이	ma
나달나달	ma
나들나들	ma
나란히	ma
나른히	ma
나몰라라	ma
나즉히	ma
나지막이	ma
나직나직	ma
나직히	ma
낙케	ma
난데없이	ma
난생	ma
날강날강	ma
날로	ma
날쭉	ma
남김없이	ma
남달리	ma
남몰래	ma
납작납작	ma
납죽이	ma
납짝	ma
낱낱이	ma
내남없이	ma
내내	ma
내롱내롱	ma
내리	ma
내지	ma
내처	ma
낼름	ma
냅다	ma
냉정히	ma
냉철히	ma
냉큼	ma
냠냠	ma
너끈히	ma
너나없이	ma
너덜너덜	ma
너도나도	ma
너무	ma
너무너무	ma
너무나	ma
너울너울	ma
넉넉히	ma
넌지시	ma
널리	ma
넙죽	ma
노피곰	ma
높이	ma
누누이	ma
누덕누덕	ma
누차	ma
눅눅히	ma
눈치껏	ma
뉘엿뉘엿	ma
느긋이	ma
느닷없이	ma
느릿느릿	ma
느물느물	ma
느슨히	ma
늘	ma
늘상	ma
능력껏	ma
능히	ma
다	ma
다글다글	ma
다급히	ma
다닥다닥	ma
다닥딱딱	ma
다달이	ma
다름없이	ma
다만	ma
다분히	ma
다소곧이	ma
다소곳이	ma
다시	ma
다시금	ma
다아	ma
다정스레	ma
다정히	ma
다짜고짜	ma
다짜고짜로	ma
다행이	ma
다행히	ma
단걸음에	ma
단김에	ma
단단히	ma
단번에	ma
단순히	ma
단숨에	ma
단연	ma
단연코	ma
단정히	ma
단지	ma
단호히	ma
달달	ma
달랑	ma
달랑달랑	ma
달리	ma
달칵	ma
담담히	ma
당당히	ma
당분간	ma
당싯	ma
당연히	ma
당최	ma
대강	ma
대개	ma
대거	ma
대관절	ma
대굴대굴	ma
대놓고	ma
대단히	ma
대담히	ma
대대로	ma
대뜸	ma
대략	ma
대롱대롱	ma
대번에	ma
대저	ma
대체	ma
대체로	ma
대충	ma
대충대충	ma
대폭	ma
댕	ma
댕강	ma
더	ma
더구나	ma
더군다나	ma
더더구나	ma
더더욱	ma
더덕더덕	ma
더덜없이	ma
더디	ma
더러	ma
더러더러	ma
더없이	ma
더우기	ma
더욱	ma
더욱더	ma
더욱이	ma
더한층	ma
덕지덕지	ma
덜	ma
덜덜	ma
덜렁	ma
덜렁덜렁	ma
덜레덜레	ma
덜커덕	ma
덜커덩	ma
덜컥	ma
덜컹	ma
덤덤히	ma
덥석	ma
덥석덥석	ma
덥썩	ma
덩실덩실	ma
뎅그랑	ma
도대체	ma
도도히	ma
도란도란	ma
도로	ma
도리도리	ma
도리어	ma
도무지	ma
도저히	ma
독특히	ma
돈독히	ma
돈돈돈	ma
돌돌	ma
돌돌돌	ma
돌연	ma
돌연히	ma
동글동글	ma
동동	ma
되도록	ma
되레	ma
된통	ma
두고두고	ma
두두둑	ma
두둑이	ma
두둑히	ma
두둥실	ma
두루	ma
두루두루	ma
두리둥실	ma
두릿두릿	ma
두말없이	ma
두서없이	ma
두터이	ma
두툼히	ma
둘둘	ma
둘레둘레	ma
둥글둥글	ma
둥기당	ma
둥둥	ma
뒤미처	ma
드높이	ma
드디어	ma
드르륵	ma
드리도록시키다	ma
드문드문	ma
드윽	ma
들들	ma
들락날락	ma
들쑥날쑥	ma
들어앉도록시키다	ma
들어오도록시키다	ma
들쭉	ma
들쭉날쭉	ma
듬뿍	ma
듬뿍듬뿍	ma
듬성듬성	ma
등한히	ma
디룩디룩	ma
디리	ma
딛도록시키다	ma
딩	ma
딩동댕	ma
따그락	ma
따글따글	ma
따끈따끈	ma
따끈따근	ma
따끔따끔	ma
따닥따닥	ma
따독따독	ma
따뜻이	ma
따라붙도록시키다	ma
따라서	ma
따로	ma
따로따로	ma
따로이	ma
따루	ma
따르르릉	ma
따르륵	ma
따르릉	ma
따악	ma
딱	ma
딱히	ma
딴은	ma
딸그락	ma
딸랑딸랑	ma
때굴때굴	ma
때때로	ma
때뚝	ma
때로	ma
때마침	ma
땜시	ma
땡글땡글	ma
땡땡	ma
떠듬떠듬	ma
떨치도록시키다	ma
떳떳이	ma
떼구르르	ma
또	ma
또글또글	ma
또는	ma
또다시	ma
또랑또랑	ma
또렷이	ma
또박	ma
또박또막	ma
또박또박	ma
또옥	ma
또한	ma
똑	ma
똑같이	ma
똑딱	ma
똑똑히	ma
똑바로	ma
똘망똘망	ma
뚜	ma
뚜뚜뚜	ma
뚜렷이	ma
뚜룩	ma
뚜룩뚜룩	ma
뚜벅뚜벅	ma
뚝	ma
뚝딱	ma
뚝뚝	ma
뚤뚤	ma
뜨끈뜨끈	ma
뜨도록시키다	ma
뜨르르	ma
뜻대로	ma
뜻밖에	ma
띄도록시키다	ma
띄엄띄엄	ma
띠띠	ma
랄랄라	ma
릴보	ma
마구	ma
마냥	ma
마땅히	ma
마뚜루	ma
마악	ma
마음껏	ma
마저	ma
마주	ma
마치	ma
마침	ma
마침내	ma
막상	ma
막연히	ma
막힘없이	ma
만날	ma
만족스레	ma
많이	ma
말끔히	ma
말똥말똥	ma
말랑말랑	ma
말없이	ma
말짱스레	ma
맘껏	ma
맘대로	ma
맘대루	ma
망연히	ma
매끈매끈	ma
매끌매끌	ma
매년	ma
매번	ma
매우	ma
매월	ma
매일	ma
매주	ma
매초	ma
매회	ma
맥없이	ma
맨날	ma
맨숭맨숭	ma
맹렬히	ma
맹세코	ma
머뭇머뭇	ma
먼저	ma
멀거니	ma
멀뚱히	ma
멀리	ma
멀리곰	ma
멀리멀리	ma
멀쩡히	ma
멀찌감치	ma
멀찍이	ma
멈칫	ma
멋대로	ma
멋대루	ma
멍멍히	ma
멍청히	ma
멍하니	ma
면면이	ma
면면히	ma
면밀히	ma
명료히	ma
명백히	ma
명쾌히	ma
명확히	ma
모다	ma
모락모락	ma
모로	ma
모름지기	ma
모조리	ma
모쪼록	ma
모처럼	ma
목청껏	ma
몰랑몰랑	ma
몰래	ma
몰래몰래	ma
몸소	ma
몹시	ma
몹씨	ma
못	ma
못내	ma
못다	ma
못마땅히	ma
몽땅	ma
몽창	ma
무난히	ma
무단히	ma
무던히	ma
무럭무럭	ma
무려	ma
무릇	ma
무리무리	ma
무사히	ma
무수히	ma
무시로	ma
무심코	ma
무심히	ma
무여	ma
무조건	ma
무지무지	ma
무진장	ma
무참히	ma
무척	ma
무척이도	ma
무턱대고	ma
무한히	ma
묵묵히	ma
문득	ma
문득문득	ma
문제없이	ma
물경	ma
물끄러미	ma
물렁물렁	ma
물론	ma
물씬	ma
물씬물씬	ma
물어물어	ma
뭉게뭉게	ma
뭉텅	ma
미끌미끌	ma
미리	ma
미약	ma
미적미적	ma
미주알고주알	ma
미처	ma
민망히	ma
밀접히	ma
및	ma
바득바득	ma
바로	ma
바로바로	ma
바루	ma
바른대로	ma
바삐	ma
바삭	ma
바삭바삭	ma
바스락	ma
바스락바스락	ma
바싹	ma
바싹바싹	ma
바야흐로	ma
바작바작	ma
바짝	ma
바짝바짝	ma
박박	ma
반가이	ma
반나마	ma
반드시	ma
반들반들	ma
반듯이	ma
반반히	ma
반지르르	ma
반질반질	ma
반짝	ma
반짝반짝	ma
발그레	ma
발기발기	ma
발끈	ma
발딱	ma
발랑	ma
발칵	ma
밝히	ma
밤낮	ma
밤낮없이	ma
밤새껏	ma
방금	ma
방긋	ma
배뜸	ma
배불리	ma
뱅그르르	ma
뱅글뱅글	ma
뱅뱅	ma
버럭버럭	ma
버석	ma
버석버석	ma
버젓이	ma
벅벅	ma
번들번들	ma
번번이	ma
번번히	ma
번연히	ma
번지르	ma
번지르르	ma
번쩍	ma
번쩍번쩍	ma
벌떡	ma
벌렁	ma
벌름벌름	ma
벌벌	ma
벌서	ma
벌써	ma
벌컥	ma
벌컥벌컥	ma
벙긋	ma
변변히	ma
변함없이	ma
별달리	ma
별로	ma
별루	ma
별반	ma
보다	ma
보송보송	ma
보아하니	ma
보잘것없이	ma
보통	ma
본디	ma
본체만체	ma
볼록	ma
볼록볼록	ma
부걱부걱	ma
부글부글	ma
부단히	ma
부득불	ma
부득이	ma
부들부들	ma
부디	ma
부랴부랴	ma
부러	ma
부르르	ma
부르릉	ma
부르릉부르릉	ma
부릉부릉	ma
부리부리	ma
부리나케	ma
부붕	ma
부스럭	ma
부스럭부스럭	ma
부스스	ma
부슬부슬	ma
부시시	ma
부얼부얼	ma
부욱	ma
부웅	ma
부지런히	ma
부질없이	ma
부쩍	ma
부쩍부쩍	ma
북북	ma
북작	ma
분명이	ma
분명히	ma
분수껏	ma
분연히	ma
분주히	ma
불그락푸르락	ma
불끈	ma
불끈불끈	ma
불뚝	ma
불룩	ma
불쌍히	ma
불쑥	ma
불쑥불쑥	ma
불안스레	ma
불행히	ma
불현듯	ma
붉으락푸르락	ma
붕	ma
붕붕	ma
붕붕붕	ma
비교적	ma
비로서	ma
비로소	ma
비록	ma
비밀히	ma
비스듬히	ma
비슷이	ma
비슷히	ma
비실비실	ma
비죽비죽	ma
비죽이	ma
비쩍	ma
비틀	ma
빈둥빈둥	ma
빈들빈들	ma
빈번히	ma
빈틈없이	ma
빌빌	ma
빙	ma
빙그레	ma
빙글	ma
빙글빙글	ma
빙긋	ma
빙긋이	ma
빙빙	ma
빠듯이	ma
빠딱빠딱	ma
빠짐없이	ma
빤지르르	ma
빤질빤질	ma
빤짝	ma
빤히	ma
빨딱	ma
빨리	ma
빨리빨리	ma
빳빳이	ma
빼곡	ma
빼곡히	ma
빼꼼	ma
빼꼼이	ma
빼쭉	ma
빽빽이	ma
빽빽히	ma
뻑	ma
뻔쩍	ma
뻔쩍뻔쩍	ma
뻔히	ma
뻘뻘	ma
뻣뻣이	ma
뻥뻥	ma
뽀도독	ma
뽀옹	ma
뽀짝뽀짝	ma
뽈뽈	ma
뽕뽕	ma
뾰루퉁	ma
뾰족	ma
뾰족이	ma
뾰죽	ma
뿅	ma
뿌적뿌적	ma
뿔뿔이	ma
뿡뿡	ma
삐	ma
삐걱	ma
삐삐삑	ma
삐죽	ma
삐죽삐죽	ma
삐죽이	ma
삐쩍	ma
삐쭉	ma
삑	ma
사각사각	ma
사그락	ma
사르르	ma
사뭇	ma
사뿐사뿐	ma
사뿐이	ma
사뿐히	ma
사사건건	ma
사정없이	ma
산산이	ma
살그머니	ma
살금살금	ma
살뜰히	ma
살랑	ma
살래살래	ma
살레살레	ma
살며시	ma
살살	ma
살작	ma
살짝	ma
살짝살짝	ma
살포시	ma
살풋	ma
삼가	ma
상관없이	ma
상당히	ma
상세히	ma
샅샅이	ma
새로	ma
새로이	ma
새루	ma
새삼	ma
새삼스러이	ma
새삼스레	ma
샐쭉	ma
생게망게	ma
생생히	ma
생으로	ma
생판	ma
서로	ma
서로서로	ma
서루	ma
서서히	ma
서슴없이	ma
선뜻	ma
선뜻선뜻	ma
선명히	ma
선선히	ma
선연히	ma
선히	ma
섣불리	ma
설레설레	ma
설령	ma
설마	ma
설사	ma
설설	ma
설핏	ma
설혹	ma
섬뜩	ma
섬세히	ma
섬찟	ma
섬찢	ma
성급히	ma
성대히	ma
성실히	ma
성심껏	ma
성의껏	ma
성큼	ma
성큼성큼	ma
세밀히	ma
소곤소곤	ma
소롯이	ma
소리소리	ma
소복이	ma
소복히	ma
소상히	ma
소신껏	ma
소위	ma
소중히	ma
소홀히	ma
속속	ma
속속들이	ma
속절없이	ma
속히	ma
손수	ma
솔솔	ma
솔직이	ma
솔직히	ma
송글송글	ma
송두리채	ma
송이송이	ma
수굿이	ma
수근수근	ma
수런수런	ma
수북이	ma
수북히	ma
수시로	ma
수없이	ma
순순히	ma
순전히	ma
술술	ma
숨김없이	ma
숫제	ma
숭숭	ma
쉬	ma
쉬엄쉬엄	ma
쉬이	ma
쉭쉭	ma
쉽사리	ma
스르르	ma
스리살짝	ma
스멀스멀	ma
스물스물	ma
스스럼없이	ma
스스로	ma
슬그머니	ma
슬근슬근	ma
슬금슬금	ma
슬며시	ma
슬몃	ma
슬슬	ma
슬쩍	ma
슬쩍슬쩍	ma
슬피	ma
시급히	ma
시끌버끌	ma
시끌벅적	ma
시끌법석	ma
시나브로	ma
시들시들	ma
시름시름	ma
시방	ma
시시콜콜	ma
시원스레	ma
시원스리	ma
시원시원	ma
시원히	ma
신랄히	ma
신속히	ma
신중히	ma
신통스레	ma
실로	ma
실루	ma
실실	ma
실없이	ma
실은	ma
실제로	ma
실지로	ma
실컨	ma
실컷	ma
실히	ma
심각히	ma
심지어	ma
심히	ma
십분	ma
싱글벙글	ma
싱글싱글	ma
싱긋	ma
싹	ma
싹둑	ma
싹뚝	ma
싹싹	ma
쌍쌍이	ma
쌔근쌔근	ma
쌕쌕	ma
쌩	ma
쌩쌩	ma
썩	ma
쏘옥	ma
쏙	ma
쏜살같이	ma
쏴아	ma
쑤욱	ma
쑥	ma
쑥쑥	ma
쓰쓰쓰	ma
쓰윽	ma
쓱	ma
쓱싹쓱싹	ma
쓱쓱	ma
쓸데없이	ma
쓸쓸히	ma
씁쓰레	ma
씨엉씨엉	ma
씨익	ma
씩	ma
씽긋	ma
씽씽	ma
아기자기	ma
아낌없이	ma
아니	ma
아니나다를까	ma
아득히	ma
아등바등	ma
아랑곳없이	ma
아련히	ma
아른아른	ma
아름아름	ma
아마	ma
아마도	ma
아무쪼록	ma
아무래도	ma
아무래두	ma
아무리	ma
아무튼	ma
아물아물	ma
아뭏든	ma
아삭아삭	ma
아스라이	ma
아스라히	ma
아슬아슬	ma
아슴아슴	ma
아앙아앙	ma
아연	ma
아예	ma
아옹다옹	ma
아울러	ma
아웅	ma
아웅다웅	ma
아주	ma
아직	ma
아직껏	ma
악착같이	ma
안녕히	ma
안절부절	ma
안타까이	ma
알드리	ma
알뜰히	ma
알록달록	ma
알쏭달쏭	ma
알알이	ma
앗사리	ma
앙	ma
앞서	ma
앞앞이	ma
애달캐달	ma
애면글면	ma
애석히	ma
애오라지	ma
애지중지	ma
애처로이	ma
앵앵	ma
야금야금	ma
야코	ma
약간	ma
얌냠냠	ma
얌전히	ma
양심껏	ma
어김없이	ma
어느덧	ma
어느새	ma
어둑어둑	ma
어떻든	ma
어련히	ma
어렴풋이	ma
어렵사리	ma
어릿어릿	ma
어물어물	ma
어물쩍	ma
어물쩡	ma
어서	ma
어서어서	ma
어설피	ma
어슴푸레	ma
어슷어슷	ma
어얘	ma
어언	ma
어여삐	ma
어엿이	ma
어영부영	ma
어제	ma
어지간히	ma
어지러이	ma
어질어질	ma
어째서	ma
어쨋든	ma
어쨌거나	ma
어쨌든	ma
어쩌고저쩌고	ma
어쩌구저쩌구	ma
어쩌다	ma
어쩌다가	ma
어쩌면	ma
어쩐지	ma
어쩜	ma
어찌	ma
어찌어찌	ma
어찌나	ma
어찌저찌	ma
어차피	ma
어흥	ma
억시	ma
억지로	ma
억지루	ma
언뜻	ma
언뜻언뜻	ma
언매나	ma
언제	ma
언제나	ma
언젠가	ma
언필칭	ma
얼근히	ma
얼기설기	ma
얼렁	ma
얼렁뚱땅	ma
얼룩덜룩	ma
얼룩얼룩	ma
얼른	ma
얼른얼른	ma
얼마나	ma
얼마큼	ma
얼매나	ma
얼씬	ma
얼추	ma
얼토당토	ma
얼핏	ma
엄격히	ma
엄밀히	ma
엄숙히	ma
엄연히	ma
엄정히	ma
엄중히	ma
엄청	ma
엄히	ma
없이	ma
엉거주춤	ma
엉겁결에	ma
엉금엉금	ma
엉엉	ma
엎치락뒤치락	ma
에취	ma
엔간히	ma
여간	ma
여러모로	ma
여름내	ma
여실히	ma
여엉	ma
여전히	ma
여지없이	ma
여지껏	ma
여직	ma
여태	ma
여태껏	ma
여하간	ma
여하튼	ma
여하히	ma
역력히	ma
역시	ma
연거푸	ma
연년이	ma
연면히	ma
연신	ma
열렬히	ma
열심히	ma
영구히	ma
영낙없이	ma
영락없이	ma
영영	ma
영원히	ma
예사로이	ma
예사로	ma
예컨대	ma
오구구	ma
오늘	ma
오다가다	ma
오돌도돌	ma
오들오들	ma
오똑	ma
오뚝	ma
오락가락	ma
오래	ma
오래도록	ma
오래오래	ma
오로지	ma
오롯이	ma
오롱조롱	ma
오르락내리락	ma
오밀조밀	ma
오손도손	ma
오순도순	ma
오싹	ma
오싹오싹	ma
오죽	ma
오죽이나	ma
오직	ma
오히려	ma
옥신각신	ma
온당히	ma
온데간데없이	ma
온전히	ma
온통	ma
온퉁	ma
올망졸망	ma
올바로	ma
올올이	ma
옹기종기	ma
와글와글	ma
와들와들	ma
와락	ma
와락와락	ma
와르르	ma
와삭와삭	ma
왁	ma
왁자지껄	ma
완강히	ma
완벽히	ma
완연히	ma
완전히	ma
왈	ma
왈그랑	ma
왈카닥	ma
왈칵	ma
왕왕	ma
왕창	ma
왜	ma
왜냐면	ma
왜냐하면	ma
왠지	ma
왱	ma
외따로	ma
외려	ma
외로	ma
외로이	ma
요란스레	ma
요령껏	ma
요리조리	ma
요컨대	ma
요행히	ma
용감히	ma
우걱지걱	ma
우굴우굴	ma
우글우글	ma
우두커니	ma
우뚝	ma
우뚝우뚝	ma
우락부락	ma
우루루	ma
우르르	ma
우묵	ma
우물우물	ma
우물쭈물	ma
우물쩍	ma
우부룩이	ma
우선	ma
우수수	ma
우연히	ma
우예	ma
우왕좌왕	ma
우우우우	ma
우적우적	ma
우중충	ma
우째	ma
우쭐	ma
우쭐우쭐	ma
우툴두툴	ma
욱	ma
울고불고	ma
울긋불긋	ma
울울히	ma
울컥	ma
울퉁불퉁	ma
움뿍	ma
움썩움썩	ma
움푹	ma
웅기중기	ma
웅얼웅얼	ma
워낙	ma
워낙이	ma
원껏	ma
원만히	ma
원체	ma
원활히	ma
월등히	ma
월매나	ma
웬만큼	ma
웬지	ma
위위윙	ma
위위투웅	ma
윙	ma
유난히	ma
유달리	ma
유독	ma
유별시리	ma
유심히	ma
유유히	ma
으레	ma
으레히	ma
으례	ma
으례껏	ma
으례히	ma
으르릉	ma
으스스	ma
으쓱	ma
으젓히	ma
으흑	ma
윽	ma
은근히	ma
은밀히	ma
은은히	ma
음매	ma
응당	ma
의당	ma
의례히	ma
의연히	ma
의외로	ma
이글이글	ma
이나마	ma
이다지	ma
이대로	ma
이대루	ma
이따	ma
이따가	ma
이따금	ma
이따금씩	ma
이래저래	ma
이러다가	ma
이러쿵	ma
이러쿵저러쿵	ma
이럭저럭	ma
이루	ma
이른바	ma
이를테면	ma
이리	ma
이리저리	ma
이리저리로	ma
이리로	ma
이리하여	ma
이만	ma
이만치	ma
이만큼	ma
이미	ma
이상스래	ma
이상스레	ma
이상히	ma
이어	ma
이어서	ma
이왕	ma
이왕이면	ma
이왕에	ma
이윽고	ma
이윽히	ma
이제	ma
이제껏	ma
이제사	ma
이제서야	ma
이제야	ma
이토록	ma
익히	ma
인제	ma
일껏	ma
일렁일렁	ma
일부러	ma
일생토록	ma
일약	ma
일일이	ma
일절	ma
일제히	ma
일직이	ma
일찌감치	ma
일찌기	ma
일찍	ma
일찍이	ma
일찍히	ma
일체	ma
일층	ma
입때껏	ma
잉	ma
잉잉	ma
자고로	ma
자그마치	ma
자그만치	ma
자근자근	ma
자꼬마	ma
자꾸	ma
자꾸자꾸	ma
자끈자끈	ma
자랑스레	ma
자못	ma
자박자박	ma
자상히	ma
자세히	ma
자알	ma
자연스레	ma
자연히	ma
자유로이	ma
자주	ma
자칫	ma
잔뜩	ma
잔잔히	ma
잘	ma
잘근잘근	ma
잘록	ma
잘못	ma
잘쑥	ma
잠간	ma
잠깐	ma
잠시	ma
잠자코	ma
장차	ma
장황히	ma
재간껏	ma
재빨리	ma
재삼	ma
재잘재잘	ma
재주껏	ma
재차	ma
저러쿵	ma
저리로	ma
저릿저릿	ma
저마다	ma
저만치	ma
저만큼	ma
저벅저벅	ma
저으기	ma
저절로	ma
저토록	ma
적당히	ma
적실히	ma
적어도	ma
적이	ma
적잖이	ma
적절히	ma
적지않이	ma
전연	ma
전혀	ma
절대	ma
절대로	ma
절대루	ma
절레절레	ma
절로	ma
절실히	ma
절절이	ma
절절히	ma
점점	ma
점점이	ma
점차	ma
정녕	ma
정말	ma
정말로	ma
정성껏	ma
정성스레	ma
정신없이	ma
정정당당히	ma
정제히	ma
정중히	ma
정확히	ma
정히	ma
제아무리	ma
제가끔	ma
제각기	ma
제대로	ma
제대루	ma
제멋대로	ma
제멋대루	ma
제발	ma
제법	ma
제시딱	ma
제풀에	ma
조각조각	ma
조급히	ma
조마조마	ma
조만간	ma
조붓이	ma
조속히	ma
조심스레	ma
조심조심	ma
조용조용	ma
조용히	ma
족히	ma
졸락졸락	ma
졸졸	ma
졸졸졸	ma
좀	ma
좀처럼	ma
좀체	ma
좀체로	ma
종래	ma
종신토록	ma
종일토록	ma
종종	ma
좌르르	ma
좔좔	ma
죄다	ma
주렁주렁	ma
주로	ma
주루룩	ma
주르르	ma
주물쩍	ma
주삣	ma
주섬주섬	ma
주욱	ma
주저주저	ma
주절주절	ma
주줄이	ma
주춤	ma
주춤주춤	ma
죽죽	ma
줄곧	ma
줄줄	ma
줄줄이	ma
줄창	ma
중얼중얼	ma
중히	ma
즉	ma
즉각	ma
즉시	ma
즐거이	ma
지그시	ma
지극히	ma
지근지근	ma
지금껏	ma
지긋이	ma
지독히	ma
지레	ma
지지영영	ma
지지리	ma
지풀에	ma
진실로	ma
진작	ma
진작에	ma
진즉	ma
진즉에	ma
진탕	ma
질끈	ma
질질	ma
질펀히	ma
짐짓	ma
집적집적	ma
집집이	ma
징징	ma
짜로	ma
짜악	ma
짜자작짜자작	ma
짝짝	ma
짝짝짝	ma
짤래짤래	ma
짤막짤막	ma
짤짤	ma
짬짬이	ma
짱	ma
쨍	ma
쨍그랑	ma
쩌렁쩌렁	ma
쩍	ma
쩍쩍	ma
쩔뚝쩔뚝	ma
쩔쩔	ma
쩝쩝	ma
쩡쩡	ma
쪼끔	ma
쪼르르	ma
쫄딱	ma
쫑긋	ma
쫙	ma
쫙쫙	ma
쭈글	ma
쭈글쭈글	ma
쭈빗쭈빗	ma
쭈뼛	ma
쭉	ma
쭉쭉	ma
쭐쭐	ma
쯧	ma
쯧쯧	ma
찌르르	ma
찌르릉	ma
찌리링	ma
찌릿찌릿	ma
찌익찌익	ma
찌찌	ma
찍	ma
찐득찐득	ma
찔깃찔깃	ma
찔끔	ma
찔끔찔끔	ma
찡	ma
찡긋	ma
차곡차곡	ma
차근	ma
차근차근	ma
차근차근히	ma
차근히	ma
차라리	ma
차랑차랑	ma
차례차례	ma
차마	ma
차분히	ma
차일피일	ma
차차	ma
차차로	ma
차츰	ma
차츰차츰	ma
착	ma
착실히	ma
착착	ma
찬찬히	ma
찰랑찰랑	ma
찰싹	ma
찰칵	ma
찰칵찰칵	ma
참	ma
참말로	ma
참으로	ma
창황히	ma
채	ma
처연히	ma
처절히	ma
처참히	ma
척	ma
척척	ma
천천히	ma
철두철미	ma
철렁	ma
철썩	ma
철썩철썩	ma
철없이	ma
철저히	ma
철철	ma
철커덕	ma
첩첩	ma
첩첩이	ma
초롱초롱	ma
초연히	ma
초초히	ma
촉촉이	ma
촉촉히	ma
촌촌이	ma
촘촘히	ma
총총	ma
총총히	ma
추줄추줄	ma
축축이	ma
축축히	ma
출렁	ma
출렁출렁	ma
충만히	ma
충분히	ma
충실히	ma
측은히	ma
층층이	ma
치렁치렁	ma
치익	ma
칙	ma
친(親)히	ma
친밀히	ma
친절히	ma
친친	ma
친히	ma
칭칭	ma
카랑카랑	ma
카악	ma
카앙카앙	ma
칵	ma
캄캄히	ma
캭	ma
켜켜로	ma
콕	ma
콕콕	ma
콕콕콕	ma
콜록콜록	ma
콩닥콩닥	ma
콰다당	ma
콱	ma
콱콱	ma
쾅	ma
쾅쾅	ma
쾌히	ma
쿠당탕	ma
쿠쿠	ma
쿡	ma
쿡쿡	ma
쿨럭쿨럭	ma
쿨룩쿨룩	ma
쿨쿨	ma
쿵	ma
쿵쾅쿵쾅	ma
쿵쿵	ma
크악	ma
크으윽	ma
큭	ma
큼직큼직	ma
킁킁	ma
키득키득	ma
타다닥	ma
타닥닥	ma
탁	ma
탁탁	ma
탄탄히	ma
탐탐히	ma
탕탕	ma
탕탕탕	ma
태만히	ma
태연히	ma
태평스레	ma
터덜터덜	ma
터무니없이	ma
터억	ma
턱없이	ma
털거덕	ma
털썩	ma
털커덩	ma
텀벙텀벙	ma
텅	ma
텅텅	ma
토실토실	ma
톡	ma
톡톡이	ma
톡톡히	ma
톨톨	ma
통렬히	ma
통절히	ma
통째	ma
통통	ma
투닥투닥	ma
투덕투덕	ma
투우웅	ma
투웅	ma
툭	ma
툭툭	ma
툭하면	ma
툴툴	ma
퉁명스레	ma
퉁퉁	ma
퉤	ma
특별히	ma
특히	ma
튼튼히	ma
틀림없이	ma
틈틈이	ma
틈틈히	ma
티격태격	ma
파르르	ma
파릇파릇	ma
팍	ma
팔딱	ma
팔딱팔딱	ma
팔랑팔랑	ma
팽그르르	ma
팽팽히	ma
퍼드덕퍼드덕	ma
퍼뜩	ma
퍼석	ma
퍽	ma
퍽퍽	ma
펄럭	ma
펄럭펄럭	ma
펄쩍	ma
펄펄	ma
펑	ma
펑펑	ma
편안히	ma
편히	ma
평생토록	ma
평안히	ma
포근포근	ma
포동포동	ma
폭삭	ma
폭신폭신	ma
폭싹	ma
폴짝폴짝	ma
퐁당	ma
표연히	ma
표표히	ma
푸그락	ma
푸드득	ma
푸드득푸드득	ma
푸드윽	ma
푸득푸득	ma
푸들푸들	ma
푸릇푸릇	ma
푸석푸석	ma
푸짐히	ma
푹	ma
푹푹	ma
푼푼이	ma
풀썩	ma
풀풀	ma
풍부히	ma
풍족히	ma
피둥피둥	ma
피식	ma
피식피식	ma
픽	ma
픽픽	ma
필경	ma
필시	ma
필히	ma
핑	ma
핑그르	ma
하기는	ma
하기사	ma
하기야	ma
하긴	ma
하늘하늘	ma
하다못해	ma
하닥하닥	ma
하도	ma
하두	ma
하루빨리	ma
하루바삐	ma
하루속히	ma
하르르	ma
하릴없이	ma
하마터면	ma
하물며	ma
하여간	ma
하여금	ma
하여튼	ma
하염없이	ma
하옇든	ma
하오나	ma
하잘것없이	ma
하지만	ma
하필	ma
하필이면	ma
하하하하	ma
하하하	ma
한가득	ma
한가로이	ma
한가히	ma
한갓	ma
한결	ma
한결같이	ma
한꺼번에	ma
한껏	ma
한낱	ma
한데	ma
한들한들	ma
한바탕	ma
한발	ma
한사코	ma
한시바삐	ma
한없이	ma
한층	ma
한평생	ma
함께	ma
함부로	ma
함빡	ma
항상	ma
항용	ma
해해	ma
행여	ma
행여나	ma
허겁지겁	ma
허기야	ma
허나	ma
허다히	ma
허덕허덕	ma
허둥지둥	ma
허무히	ma
허술히	ma
허지만	ma
허허허	ma
헉	ma
헉헉	ma
헌데	ma
헐레벌떡	ma
헛되이	ma
헤헤	ma
헬레레	ma
현격히	ma
현저히	ma
호락호락	ma
호젓이	ma
혹	ma
혹간	ma
혹시	ma
혹시나	ma
혹은	ma
홀딱	ma
홀랑	ma
홀로	ma
홀연	ma
홀연히	ma
홀짝	ma
화급히	ma
화끈	ma
화끈화끈	ma
화들짝	ma
화르르	ma
확	ma
확고히	ma
확실히	ma
확연히	ma
확확	ma
환히	ma
활발히	ma
활작	ma
활짝	ma
활활	ma
홧홧	ma
황급히	ma
황망히	ma
황황히	ma
홱	ma
후끈	ma
후다닥	ma
후닥닥	ma
후두둑	ma
후둑후둑	ma
후들후들	ma
후딱	ma
후련히	ma
후루룩	ma
후루룩후루룩	ma
후후	ma
후히	ma
훅	ma
훌렁	ma
훌륭히	ma
훌쩍	ma
훌쩍훌쩍	ma
훌찌럭훌찌럭	ma
훌훌	ma
훌훌히	ma
훗훗	ma
훠얼씬	ma
훤이	ma
훤히	ma
훨씬	ma
훨훨	ma
휘딱	ma
휘뚜루	ma
휘뚜루마뚜루	ma
휘영청	ma
휘익	ma
휘적휘적	ma
휘청	ma
휙	ma
휙휙	ma
휠씬	ma
휭	ma
휭하니	ma
휭휭	ma
흐르르	ma
흐물흐물	ma
흐지부지	ma
흔들흔들	ma
흔연히	ma
흔전만전	ma
흔쾌히	ma
흔히	ma
흘깃	ma
흘낏	ma
흠뻑	ma
흠칠	ma
흠칫	ma
흠흠	ma
흡사	ma
흥건히	ma
흥얼흥얼	ma
흥청망청	ma
희끗희끗	ma
희뜩	ma
히죽	ma
히죽히죽	ma
히죽이	ma
히쭉	ma
힐긋	ma
힐끔	ma
힐끔힐끔	ma
힐끗	ma
힐끗힐끗	ma
힘껏	ma
힘없이	ma
힛힛힛	ma
힝	ma
가진	mm
갖은	mm
고얀	mm
그까짓	mm
그깟	mm
그따위	mm
그딴	mm
그런	mm
그런저런	mm
긴긴	mm
까짓	mm
넉	mm
다른	mm
댓	mm
두서너	mm
두세	mm
두어	mm
뒷	mm
몇	mm
몇몇	mm
모든	mm
몹쓸	mm
무슨	mm
뭔	mm
벼라별	mm
별별	mm
별의별	mm
서너	mm
스무	mm
아랫	mm
아무	mm
아무런	mm
양대	mm
어느	mm
어떤	mm
어인	mm
여나믄	mm
여느	mm
여늬	mm
여러	mm
오랜	mm
오랫	mm
오른	mm
오오랜	mm
온갖	mm
외딴	mm
왼	mm
요런	mm
웬	mm
윗	mm
이까짓	mm
이런	mm
이런저런	mm
장장	mm
저런	mm
첫	mm
한두	mm
허튼	mm
가량	nb
개대	nb
개사	nb
개소	nb
개월	nb
갤런	nb
겨를	nb
겸	nb
광년	nb
군데	nb
그램	nb
그루	nb
기가	nb
기가바이트	nb
꺼	nb
꺼리	nb
나름	nb
나위	nb
남짓	nb
냥	nb
년대	nb
년차	nb
달라	nb
대루	nb
데	nb
데시벨	nb
돈쭝	nb
드라크마	nb
듯	nb
듯이	nb
등성	nb
등지	nb
따우	nb
따위	nb
딴	nb
루피	nb
루피아	nb
리터	nb
마일	nb
마장	nb
마지기	nb
만치	nb
만큼	nb
메가바이트	nb
뭇	nb
밀리	nb
발짝	nb
뿐	nb
삭	nb
센티미터	nb
어치	nb
에르	nb
에이커	nb
엥	nb
옹	nb
움큼	nb
웅큼	nb
원권	nb
인승	nb
절지	nb
족족	nb
즈음	nb
즘	nb
쯤	nb
켠	nb
켤레	nb
큐핏	nb
크로나	nb
킬로그램	nb
킬로미터	nb
킬로바이트	nb
타스	nb
톨	nb
페소	nb
평방미터	nb
할	nb
해리	nb
홉	nb
가능	nc
가당	nc
가련	nc
가무잡잡	nc
가뿐	nc
가열	nc
가지런	nc
가혹	nc
각다분	nc
각박	nc
각별	nc
간결	nc
간곡	nc
간구	nc
간단	nc
간략	nc
간명	nc
간소	nc
간악	nc
간절	nc
간편	nc
갑갑	nc
강건	nc
강경	nc
강고	nc
강대	nc
강력	nc
강렬	nc
강성	nc
강열	nc
강직	nc
개운	nc
갸륵	nc
갸름	nc
거나	nc
거대	nc
거뜬	nc
거룩	nc
거무스름	nc
거무죽죽	nc
거무튀튀	nc
거북	nc
거창	nc
건실	nc
건장	nc
건전	nc
걸직	nc
걸쭉	nc
격렬	nc
격심	nc
견결	nc
견고	nc
견실	nc
결연	nc
경건	nc
경미	nc
경박	nc
경직	nc
경쾌	nc
고고	nc
고귀	nc
고단	nc
고루	nc
고리타분	nc
고만고만	nc
고매	nc
고상	nc
고소	nc
고약	nc
고이	nc
고즈넉	nc
고지식	nc
곡진	nc
곤고	nc
곤핍	nc
골똘	nc
곱살	nc
공고	nc
공공연	nc
공교	nc
공명	nc
공손	nc
공순	nc
공연	nc
공허	nc
과감	nc
과격	nc
과대	nc
과분	nc
과중	nc
관대	nc
관후	nc
괄괄	nc
광막	nc
광범	nc
광장	nc
광활	nc
괘씸	nc
괴괴	nc
괴상	nc
괴상망칙	nc
괴상야릇	nc
괴이	nc
괴팍	nc
굉장	nc
교묘	nc
교활	nc
구가	nc
구구	nc
구부정	nc
구수	nc
구저분	nc
구차	nc
구태의연	nc
군색	nc
굳건	nc
굵직	nc
굵직굵직	nc
궁금	nc
궁벽	nc
귀중	nc
그러	nc
그러저러	nc
그럴싸	nc
그만	nc
그만그만	nc
그윽	nc
극명	nc
극심	nc
극진	nc
근사	nc
근소	nc
근엄	nc
급격	nc
급급	nc
기괴	nc
기기묘묘	nc
기묘	nc
기민	nc
기박	nc
기발	nc
기세등등	nc
기이	nc
기특	nc
긴가민가	nc
긴밀	nc
긴요	nc
길쭉	nc
깊숙	nc
까마득	nc
까마아득	nc
까무잡잡	nc
까칠	nc
깍듯	nc
깐깐	nc
깔깔	nc
깔끄레	nc
깔끔	nc
깜깜	nc
깜찍	nc
깡똥	nc
깨끗	nc
꺼림칙	nc
꺼벙	nc
꺼칠	nc
껑충	nc
께름칙	nc
꼼꼼	nc
꽁알	nc
꾀죄죄	nc
꾸부정	nc
꾸준	nc
꿋꿋	nc
끈끈	nc
끈적	nc
끔직	nc
끔찍	nc
나른	nc
나약	nc
나지막	nc
나직	nc
난감	nc
난삽	nc
난잡	nc
난처	nc
난해	nc
날렵	nc
날씬	nc
납작	nc
낭랑	nc
낭자	nc
내로라	nc
냉랭	nc
냉엄	nc
냉철	nc
냉혹	nc
너끈	nc
너저분	nc
너절	nc
넉넉	nc
널죽	nc
널찍	nc
넓적	nc
넘넘	nc
노곤	nc
노골	nc
노련	nc
노르끄레	nc
노리끼	nc
녹녹	nc
녹록	nc
논	nc
농후	nc
누리끼리	nc
누추	nc
눅눅	nc
눅신	nc
눅진	nc
느긋	nc
느끼	nc
느슨	nc
느지막	nc
늘씬	nc
늙수그레	nc
늠름	nc
능란	nc
능숙	nc
능통	nc
다각	nc
다감	nc
다급	nc
다기	nc
다난	nc
다단	nc
다분	nc
다소곳	nc
다양	nc
다이내믹	nc
다재다능	nc
다정	nc
다정다감	nc
다채	nc
단단	nc
단란	nc
단순	nc
단아	nc
단정	nc
단촐	nc
단출	nc
단호	nc
달짝지근	nc
달착지근	nc
달콤	nc
달콤새콤	nc
담담	nc
담대	nc
담백	nc
답답	nc
당	nc
당당	nc
당돌	nc
당연	nc
대견	nc
대단	nc
대담	nc
대범	nc
더부룩	nc
덜큰	nc
덤덤	nc
데데	nc
도도	nc
도톰	nc
독특	nc
돈독	nc
동그스름	nc
동일	nc
두둑	nc
두루뭉수리	nc
두툼	nc
둔중	nc
둔탁	nc
둥글넓적	nc
뒤숭숭	nc
드라마틱	nc
든든	nc
듬직	nc
등등	nc
등한	nc
따끈	nc
따끔	nc
따듯	nc
따땃	nc
따뜻	nc
따분	nc
따사	nc
따스	nc
딱딱	nc
딴딴	nc
땅딸	nc
땅딸막	nc
떠들석	nc
떠들썩	nc
떨떠름	nc
떳떳	nc
또렷	nc
똑똑	nc
똘똘	nc
뚜렷	nc
뚱뚱	nc
뜨끈	nc
뜨끔	nc
뜨뜻	nc
뜨뜻미지근	nc
뜨악	nc
뜸	nc
마다	nc
마땅	nc
마뜩	nc
막론	nc
막막	nc
막역	nc
막연	nc
막중	nc
만만	nc
만무	nc
만발	nc
만연	nc
말끔	nc
말랑	nc
말쑥	nc
말짱	nc
망극	nc
망연	nc
망측	nc
망칙	nc
맞이	nc
매끈	nc
매정	nc
매캐	nc
맹	nc
맹랑	nc
맹렬	nc
맹맹	nc
맹숭맹숭	nc
머쓱	nc
먹먹	nc
멀똥	nc
멀뚱	nc
멀쑥	nc
멀쩡	nc
멍멍	nc
멍청	nc
면	nc
면구	nc
면면	nc
면밀	nc
멸	nc
명랑	nc
명료	nc
명명백백	nc
명민	nc
명백	nc
명석	nc
명징	nc
명철	nc
명쾌	nc
명확	nc
모호	nc
못마땅	nc
몽롱	nc
묘연	nc
무결	nc
무관	nc
무구	nc
무궁	nc
무난	nc
무던	nc
무덤덤	nc
무도	nc
무득	nc
무뚝뚝	nc
무료	nc
무모	nc
무방	nc
무색	nc
무성	nc
무수	nc
무시무시	nc
무엄	nc
무욕	nc
무이	nc
무익	nc
무자력	nc
무잡	nc
무정	nc
무지근	nc
무지막지	nc
무참	nc
무해	nc
묵묵	nc
묵직	nc
문약	nc
물컹	nc
뭉클	nc
뭉툭	nc
미끈	nc
미련	nc
미묘	nc
미미	nc
미세	nc
미숙	nc
미안	nc
미욱	nc
미지근	nc
미진	nc
미흡	nc
민감	nc
민둥	nc
민망	nc
민첩	nc
믿음직	nc
밀밀	nc
밋밋	nc
바람직	nc
박	nc
박절	nc
박정	nc
반듯	nc
반반	nc
발그스름	nc
발랄	nc
발칙	nc
방대	nc
방만	nc
방불	nc
방자	nc
방정	nc
버젓	nc
번다	nc
번드레	nc
번듯	nc
번쇄	nc
번잡	nc
범박	nc
범상	nc
범연	nc
벙벙	nc
변변	nc
병약	nc
복잡	nc
복잡다단	nc
본격	nc
부	nc
부단	nc
부당	nc
부박	nc
부산	nc
부정당	nc
분망	nc
분명	nc
분분	nc
분주	nc
불가피	nc
불과	nc
불구	nc
불그레	nc
불길	nc
불리	nc
불미	nc
불민	nc
불사	nc
불순	nc
불쌍	nc
불온	nc
불쾌	nc
불효막심	nc
붉으스레	nc
비겁	nc
비근	nc
비등	nc
비롯	nc
비루	nc
비릿	nc
비범	nc
비스듬	nc
비슷	nc
비슷비슷	nc
비열	nc
비장	nc
비졸	nc
비천	nc
빈번	nc
빈정	nc
빈한	nc
빠듯	nc
빡빡	nc
빳빳	nc
빵빵	nc
빽빽	nc
뻐근	nc
뻐덩	nc
뻔	nc
뻔뻔	nc
뻣뻣	nc
뾰로통	nc
뿌듯	nc
삐딱	nc
사소	nc
사특	nc
삭막	nc
산뜻	nc
산란	nc
산만	nc
살기등등	nc
살벌	nc
삼삼	nc
삼엄	nc
삽상	nc
상냥	nc
상세	nc
상이	nc
상쾌	nc
상큼	nc
새촘	nc
생경	nc
생생	nc
생소	nc
서늘	nc
서먹	nc
서먹서먹	nc
서서	nc
서슴	nc
서운	nc
석연	nc
선량	nc
선명	nc
선선	nc
선연	nc
섬세	nc
섭섭	nc
성급	nc
세련	nc
세밀	nc
세세	nc
세심	nc
섹시	nc
센세이셔널	nc
소담	nc
소략	nc
소박	nc
소상	nc
소소	nc
소심	nc
소중	nc
속	nc
속상	nc
솔깃	nc
솔직	nc
송구	nc
수다	nc
수더분	nc
수두룩	nc
수려	nc
수북	nc
수상	nc
수수	nc
수월	nc
수척	nc
숙연	nc
순결무구	nc
순박	nc
순전	nc
순진	nc
순진무구	nc
순탄	nc
숭고	nc
쉬쉬	nc
스산	nc
습습	nc
시급	nc
시끌	nc
시들	nc
시무룩	nc
시시	nc
시시껄렁	nc
시원	nc
시큰	nc
시큰둥	nc
시큼	nc
시퉁	nc
식상	nc
신기	nc
신랄	nc
실팍	nc
심각	nc
심대	nc
심드렁	nc
심란	nc
심상	nc
심심	nc
심약	nc
심오	nc
싱싱	nc
싸늘	nc
싸아	nc
쌀쌀	nc
썰렁	nc
쏠쏠	nc
쓸쓸	nc
씁쓰름	nc
씁쓸	nc
씨니컬	nc
씩씩	nc
아늑	nc
아둔	nc
아득	nc
아뜩	nc
아련	nc
아리송	nc
아릿	nc
아이러니컬	nc
아찔	nc
안이	nc
알뜰	nc
알량	nc
암담	nc
앙상	nc
애돌애돌	nc
애매	nc
애매모호	nc
애잔	nc
애절	nc
애틋	nc
야릇	nc
야박	nc
야비	nc
야트막	nc
얄얄	nc
얄팍	nc
어눌	nc
어두컴컴	nc
어둑	nc
어둑신	nc
어둠침침	nc
어둠컴컴	nc
어떠	nc
어떠어떠	nc
어렴풋	nc
어리둥절	nc
어리벙벙	nc
어리숙	nc
어마어마	nc
어머어마	nc
어색	nc
어수록	nc
어수룩	nc
어수선	nc
어슷	nc
어엿	nc
어정쩡	nc
어지간	nc
억울	nc
얼떨떨	nc
얼얼	nc
얼큰	nc
엄격	nc
엄밀	nc
엄숙	nc
엄연	nc
엄정	nc
엄중	nc
엄혹	nc
엇비슥	nc
엇비슷	nc
엉뚱	nc
엉성	nc
엉큼	nc
에로틱	nc
여유만만	nc
여의	nc
여전	nc
여차	nc
여차여차	nc
역력	nc
연약	nc
연연	nc
열렬	nc
열악	nc
영롱	nc
영리	nc
영민	nc
영악	nc
영특	nc
예리	nc
예민	nc
예쁘장	nc
오묘	nc
오붓	nc
온건	nc
온당	nc
온순	nc
온아	nc
온전	nc
온화	nc
옴팡	nc
옹색	nc
옹졸	nc
와일드	nc
왁자	nc
완강	nc
완고	nc
완곡	nc
완만	nc
완연	nc
왕성	nc
왜소	nc
외람	nc
요긴	nc
요란	nc
요만	nc
용	nc
용감	nc
용렬	nc
용의주도	nc
용이	nc
우람	nc
우수	nc
우아	nc
우악	nc
우직	nc
울적	nc
울창	nc
움찔	nc
웅대	nc
웅장	nc
웅혼	nc
원대	nc
원만	nc
원숙	nc
웬간	nc
웬만	nc
위대	nc
위독	nc
위세당당	nc
위태	nc
위태위태	nc
유구	nc
유들	nc
유려	nc
유력	nc
유머러스	nc
유명	nc
유복	nc
유사	nc
유순	nc
유약	nc
유연	nc
유용	nc
유유	nc
유익	nc
유인	nc
유창	nc
유치	nc
유쾌	nc
육실	nc
육중	nc
융숭	nc
으늑	nc
으슥	nc
으젓	nc
은근	nc
은밀	nc
은은	nc
을씨년	nc
음산	nc
음습	nc
음울	nc
음침	nc
음탕	nc
음험	nc
음흔	nc
의미심장	nc
의아	nc
의연	nc
의젓	nc
이러	nc
이러이러	nc
이러저러	nc
이룩	nc
이상	nc
이상야릇	nc
이악	nc
익숙	nc
인자	nc
일관	nc
일목요연	nc
일정	nc
일천	nc
자그마	nc
자명	nc
자상	nc
자세	nc
자신만만	nc
자욱	nc
자자	nc
자자분	nc
자잘	nc
자질구레	nc
작달막	nc
작작	nc
잔인	nc
잔잔	nc
잘룩	nc
잠잠	nc
잡다	nc
장구	nc
장대	nc
장렬	nc
장중	nc
장쾌	nc
장황	nc
잦바듬	nc
쟁쟁	nc
저돌	nc
저렴	nc
저만	nc
저어	nc
저열	nc
저저	nc
적나라	nc
적당	nc
적대	nc
적실	nc
적적	nc
적절	nc
적합	nc
적확	nc
절묘	nc
절박	nc
절실	nc
절절	nc
정갈	nc
정결	nc
정교	nc
정당	nc
정대	nc
정밀	nc
정연	nc
정정당당	nc
정중	nc
정치	nc
정확	nc
조그마	nc
조급	nc
조밀	nc
조속	nc
조악	nc
조용	nc
조잡	nc
조촐	nc
졸렬	nc
죄송	nc
주도면밀	nc
주요	nc
준엄	nc
준열	nc
중대	nc
중요	nc
중차대	nc
중후	nc
즐비	nc
지극	nc
지긋	nc
지긋지긋	nc
지당	nc
지대	nc
지독	nc
지리	nc
지엄	nc
지저분	nc
진귀	nc
진기	nc
진득	nc
진부	nc
진솔	nc
진정	nc
진지	nc
진진	nc
질박	nc
질척	nc
질퍽	nc
질펀	nc
집요	nc
짜릿	nc
짤막	nc
짧달막	nc
짧막	nc
짭짤	nc
째째	nc
쩨쩨	nc
쪼잔	nc
쫄깃	nc
찌릿	nc
찌뿌두둥	nc
찜찜	nc
차분	nc
착실	nc
착잡	nc
착찹	nc
찬란	nc
찬연	nc
찬찬	nc
참담	nc
참신	nc
참혹	nc
창백	nc
창창	nc
처량	nc
처연	nc
처절	nc
처참	nc
척박	nc
철저	nc
첨예	nc
청명	nc
청아	nc
청청	nc
초라	nc
초연	nc
초췌	nc
촉박	nc
촉촉	nc
촘촘	nc
추레	nc
추례	nc
추악	nc
추잡	nc
축축	nc
출중	nc
출출	nc
충분	nc
충직	nc
취약	nc
치기만만	nc
치렁	nc
치밀	nc
치사	nc
치열	nc
칙칙	nc
친근	nc
칠칠	nc
침울	nc
침침	nc
침통	nc
카랑	nc
캄캄	nc
컴컴	nc
쾌적	nc
쾌청	nc
쾌활	nc
퀭	nc
퀴퀴	nc
큼지막	nc
큼직	nc
큼큼	nc
타당	nc
탁월	nc
탄탄	nc
탐탁	nc
텁수룩	nc
텁텁	nc
토옥	nc
톡톡	nc
통렬	nc
통쾌	nc
투박	nc
투철	nc
특별	nc
특이	nc
특출	nc
튼실	nc
튼튼	nc
파르스름	nc
파리	nc
팍팍	nc
판이	nc
판판	nc
팽팽	nc
펑퍼짐	nc
편편	nc
평범	nc
평이	nc
평평	nc
포근	nc
폭신	nc
푸근	nc
푸르무레	nc
푸르스름	nc
푸석	nc
푸짐	nc
푹신	nc
풋풋	nc
풍부	nc
풍성	nc
풍족	nc
핍진	nc
하구	nc
한가	nc
한미	nc
한산	nc
한심	nc
한유	nc
한적	nc
합당	nc
항구	nc
해괴	nc
해괴망측	nc
해박	nc
해사	nc
향긋	nc
허구	nc
허다	nc
허랑방탕	nc
허름	nc
허망	nc
허술	nc
허약	nc
허전	nc
허허	nc
허황	nc
헌출	nc
헐렁	nc
헐직	nc
험난	nc
험악	nc
험준	nc
헛	nc
헛헛	nc
혁혁	nc
현격	nc
현란	nc
현저	nc
협소	nc
호방	nc
호젓	nc
호쾌	nc
호탕	nc
혹독	nc
혹심	nc
혼곤	nc
혼재	nc
혼탁	nc
홀가분	nc
홀쭉	nc
화급	nc
화기애애	nc
화려	nc
화창	nc
확고	nc
확실	nc
확연	nc
활달	nc
활발	nc
황공	nc
황급	nc
황당	nc
황당무계	nc
황량	nc
황막	nc
황무	nc
황송	nc
황폐	nc
황홀	nc
황황	nc
횅댕그렁	nc
획기	nc
획일	nc
후덥지근	nc
후련	nc
후줄근	nc
후텁지근	nc
훈훈	nc
훌륭	nc
훤출	nc
훤칠	nc
휘황	nc
휘황찬란	nc
흉맹	nc
흉악	nc
흉칙	nc
흉포	nc
흉흉	nc
흐리멍덩	nc
흐릿	nc
흐뭇	nc
흔쾌	nc
흥건	nc
흥미진진	nc
희귀	nc
희끄무레	nc
희끗	nc
희미	nc
희박	nc
희한	nc
구백	nn
구십	nn
기백만	nn
기십만	nn
기천	nn
너댓	nn
너더댓	nn
너덧	nn
네댓	nn
네째	nn
다섯	nn
다섯째	nn
대여섯	nn
두셋	nn
두엇	nn
둘	nn
둘째	nn
륙	nn
마흔	nn
백만	nn
백억	nn
사만	nn
사십	nn
사오만	nn
사오십	nn
삼만	nn
삼백만	nn
삼사만	nn
삼사천	nn
삼십	nn
삼십만	nn
삼천	nn
서넛	nn
서른	nn
세째	nn
셋	nn
셋째	nn
수만	nn
수백	nn
수백만	nn
수백억	nn
수십	nn
수십만	nn
수십억	nn
수십조	nn
수억	nn
수천만	nn
수천억	nn
쉰	nn
스물	nn
십	nn
십만	nn
십수	nn
십억	nn
십오	nn
십오만	nn
십팔	nn
아홉	nn
아홉째	nn
아흔	nn
억만	nn
여남은	nn
여덟	nn
여덟째	nn
여든	nn
여만	nn
여섯	nn
여섯째	nn
열다섯	nn
열댓	nn
열두	nn
열여덟	nn
열여섯	nn
예닐곱	nn
예순	nn
오백	nn
오백만	nn
오십	nn
오십만	nn
육만	nn
육백	nn
육십	nn
육십만	nn
육천	nn
이백만	nn
이삼	nn
이삼십	nn
이삼십만	nn
이십	nn
이십구	nn
이십만	nn
이천만	nn
일고여덟	nn
일곱	nn
일곱째	nn
일만	nn
일백	nn
일백만	nn
일억	nn
일천만	nn
일흔	nn
즈믄	nn
천억	nn
첫째	nn
칠만	nn
칠백	nn
칠백만	nn
칠십	nn
칠십만	nn
칠천	nn
칠팔	nn
칠팔십	nn
팔만	nn
팔백	nn
팔십	nn
팔천	nn
하낫	nn
한둘	nn
걔	np
거기	np
거시기	np
고것	np
고놈	np
그거	np
그것	np
그곳	np
그기	np
그녀	np
그년	np
그놈	np
그대	np
그분	np
그이	np
그자	np
그쪽	np
그편	np
너	np
너거	np
너희	np
네놈	np
누구누구	np
느이	np
늬	np
모모	np
무엇	np
뭣	np
어데	np
여러분	np
요것	np
요년	np
요노옴	np
요놈	np
이것	np
이곳	np
이년	np
이놈	np
이눔	np
자네	np
쟤	np
저거	np
저것	np
저곳	np
저그	np
저년	np
저놈	np
저쪽	np
저편	np
저희	np
제군	np
형씨	np
께	xs
네	xs
답	xs
되	xs
들이	xs
롭	xs
률	xs
바기	xs
스럽	xs
장이	xs
쟁이	xs
짜리	xs
째	xs
투성이	xs
하	xs
허	xs
