레드 카펫	nc	레드카펫
레드카펫	nc	레드카펫
하늘 공원	nc	하늘공원
하늘공원	nc	하늘공원
국립박물관	nc	국립박물관
경마 공원	nc	경마공원
경마공원	nc	경마공원
놀이 공원	nc	놀이공원
놀이공원	nc	놀이공원
워터 파크	nc	워터파크
워터파크	nc	워터파크
화산	nc	화산
사옥	nc	사옥
과소 지역	nc	과소지역
과소지역	nc	과소지역
관광 취락	nc	관광취락
관광취락	nc	관광취락
광역경제권	nc	광역경제권
광역도시권	nc	광역도시권
구릉지	nc	구릉지
국도	nc	국도
근교	nc	근교
범람원	nc	범람원
분지	nc	분지
산업 단지	nc	산업단지
산업단지	nc	산업단지
산촌	nc	산촌
삼각주	nc	삼각주
선상지	nc	선상지
수도	nc	수도
연안	nc	연안
용암 대지	nc	용암대지
용암대지	nc	용암대지
유원지	nc	유원지
지방도	nc	지방도
해수 욕장	nc	해수욕장
해수욕장	nc	해수욕장
해안	nc	해안
해안 분지	nc	해안분지
해안분지	nc	해안분지
해협	nc	해협
gate	nc	gate
가극장	nc	가극장
가든	nc	가든
간선 도로	nc	간선도로
간이진료소	nc	간이진료소
감방	nc	감방
감옥	nc	감옥
강의실	nc	강의실
객실	nc	객실
갤러리	nc	갤러리
거점 도시	nc	거점도시
거점도시	nc	거점도시
게이 빌리지	nc	게이빌리지
게이 타운	nc	게이타운
게이빌리지	nc	게이빌리지
게이타운	nc	게이타운
결혼 식장	nc	결혼식장
결혼식장	nc	결혼식장
경기장	nc	경기장
경로당	nc	경로당
경수로 발전소	nc	경수로발전소
경수로발전소	nc	경수로발전소
계간지	nc	계간지
계곡	nc	계곡
계단	nc	계단
고가 도로	nc	고가도로
고가도로	nc	고가도로
고객 센터	nc	고객센터
고객센터	nc	고객센터
고속 도로	nc	고속도로
고속도로	nc	고속도로
고속화도로	nc	고속화도로
고시원	nc	고시원
고지	nc	고지
고향	nc	고향
골목	nc	골목
골짜기	nc	골짜기
골프 연습장	nc	골프연습장
골프연습장	nc	골프연습장
골프장	nc	골프장
공군 기지	nc	공군기지
공군기지	nc	공군기지
공설 시장	nc	공설시장
공연장	nc	공연장
공원	nc	공원
공중 전화	nc	공중전화
공중전화	nc	공중전화
공항	nc	공항
관광 도로	nc	관광도로
관광 명소	nc	관광명소
관광도로	nc	관광도로
관광명소	nc	관광명소
관광지	nc	관광지
광장	nc	광장
교도소	nc	교도소
교무실	nc	교무실
교실	nc	교실
교외	nc	교외
교육관	nc	교육관
교육장	nc	교육장
교회	nc	교회
구장	nc	구장
구치소	nc	구치소
국경 도시	nc	국경도시
국경도시	nc	국경도시
국내	nc	국내
국립 공원	nc	국립공원
국립공원	nc	국립공원
국제	nc	국제
국제 공항	nc	국제공항
국제 무역 센터	nc	국제무역센터
국제 무역센터	nc	국제무역센터
국제 전시장	nc	국제전시장
국제공항	nc	국제공항
국제무역 센터	nc	국제무역센터
국제전 시장	nc	국제전시장
국제전시장	nc	국제전시장
군기지	nc	군기지
군사 공항	nc	군사공항
군사 기지	nc	군사기지
군사 도시	nc	군사도시
군사공항	nc	군사공항
군사기지	nc	군사기지
군사도시	nc	군사도시
권역	nc	권역
그루터	nc	그루터
극동	nc	극동
극장	nc	극장
근처	nc	근처
글로벌	nc	글로벌
금융 센터	nc	금융센터
금융 지구	nc	금융지구
금융센터	nc	금융센터
금융지구	nc	금융지구
기내	nc	기내
기밀 도시	nc	기밀도시
기밀도시	nc	기밀도시
기숙사	nc	기숙사
기업 도시	nc	기업도시
기업도시	nc	기업도시
기지	nc	기지
길거리	nc	길거리
길목	nc	길목
나루	nc	나루
나요양소	nc	나요양소
낚시터	nc	낚시터
남탕	nc	남탕
내부	nc	내부
노래방	nc	노래방
노인정	nc	노인정
놀이 동산	nc	놀이동산
놀이동산	nc	놀이동산
놀이터	nc	놀이터
농구 경기장	nc	농구경기장
농구경기장	nc	농구경기장
농장	nc	농장
농촌	nc	농촌
눈썰매장	nc	눈썰매장
늪	nc	늪
다방	nc	다방
단상	nc	단상
담장	nc	담장
대강당	nc	대강당
대극장	nc	대극장
대기실	nc	대기실
대나무숲	nc	대나무숲
대륙	nc	대륙
대성당	nc	대성당
대학 도서관	nc	대학도서관
대학 도시	nc	대학도시
대학가	nc	대학가
대학교 도서관	nc	대학교도서관
대학교도서관	nc	대학교도서관
대학도서관	nc	대학도서관
대학도시	nc	대학도시
데이터센터	nc	데이터센터
도농 복합 도시	nc	도농복합도시
도농 통합 도시	nc	도농통합도시
도농복합도시	nc	도농복합도시
도농통합도시	nc	도농통합도시
도로	nc	도로
도립 공원	nc	도립공원
도립공원	nc	도립공원
도매 시장	nc	도매시장
도매 종합 센터	nc	도매종합센터
도매시장	nc	도매시장
도매종합센터	nc	도매종합센터
도서관	nc	도서관
도시	nc	도시
도시공원	nc	도시공원
도심	nc	도심
도심 공항	nc	도심공항
도심공항	nc	도심공항
독립 도시	nc	독립도시
독립도시	nc	독립도시
독서실	nc	독서실
돔구장	nc	돔구장
동네	nc	동네
동물 의료 센터	nc	동물의료센터
동물원	nc	동물원
동물의료센터	nc	동물의료센터
동부 지방	nc	동부지방
동부지방	nc	동부지방
동북 지방	nc	동북지방
동북아	nc	동북아
동북지방	nc	동북지방
동산	nc	동산
동쪽	nc	동쪽
뒷편	nc	뒷편
들판	nc	들판
라디오 방송국	nc	라디오방송국
라디오방송국	nc	라디오방송국
라이브 클럽	nc	라이브클럽
라이브클럽	nc	라이브클럽
라커룸	nc	라커룸
랜드	nc	랜드
레저 타운	nc	레저타운
레저타운	nc	레저타운
레코딩 스튜디오	nc	레코딩스튜디오
레코딩스튜디오	nc	레코딩스튜디오
레크리에이션 그라운드	nc	레크리에이션그라운드
레크리에이션그라운드	nc	레크리에이션그라운드
로드샵	nc	로드샵
로비	nc	로비
리서치 센터	nc	리서치센터
리서치센터	nc	리서치센터
링	nc	링
마당	nc	마당
마운드	nc	마운드
마을	nc	마을
마켓 타운	nc	마켓타운
마켓타운	nc	마켓타운
맛집	nc	맛집
매립지	nc	매립지
멀티샵	nc	멀티샵
명소	nc	명소
명품 갤러리	nc	명품갤러리
명품갤러리	nc	명품갤러리
명품관	nc	명품관
모래 놀이터	nc	모래놀이터
모래놀이터	nc	모래놀이터
모자보건센터	nc	모자보건센터
모텔	nc	모텔
목욕탕	nc	목욕탕
목적지	nc	목적지
무대	nc	무대
무역 센터	nc	무역센터
무역센터	nc	무역센터
무인도	nc	무인도
문방구	nc	문방구
문화 센터	nc	문화센터
문화관	nc	문화관
문화센터	nc	문화센터
물가	nc	물가
물속	nc	물속
미군 기지	nc	미군기지
미군기지	nc	미군기지
미술관	nc	미술관
미야하라종합운전소	nc	미야하라종합운전소
민스터	nc	민스터
바깥	nc	바깥
바다	nc	바다
바닷가	nc	바닷가
바닷속	nc	바닷속
박물관	nc	박물관
발코니	nc	발코니
방	nc	방
밭	nc	밭
배송지	nc	배송지
배치간이역	nc	배치간이역
백사장	nc	백사장
백일장	nc	백일장
버스 정류장	nc	버스정류장
버스스탑	nc	버스스탑
버스정류장	nc	버스정류장
베드 타운	nc	베드타운
베드타운	nc	베드타운
벽면	nc	벽면
변전소	nc	변전소
별관	nc	별관
별장	nc	별장
보행자 공간	nc	보행자공간
보행자 도로	nc	보행자도로
보행자 전용 도로	nc	보행자전용도로
보행자 전용도로	nc	보행자전용도로
보행자공간	nc	보행자공간
보행자도로	nc	보행자도로
보행자전용도로	nc	보행자전용도로
보호 구역	nc	보호구역
보호구역	nc	보호구역
복도	nc	복도
복식 화산	nc	복식화산
복식화산	nc	복식화산
복지관	nc	복지관
복합 쇼핑몰	nc	복합쇼핑몰
복합 화산	nc	복합화산
복합쇼핑몰	nc	복합쇼핑몰
복합화산	nc	복합화산
본가	nc	본가
본관	nc	본관
본교	nc	본교
본부	nc	본부
본사	nc	본사
본점	nc	본점
본회 의장	nc	본회의장
본회의장	nc	본회의장
부두	nc	부두
부엌	nc	부엌
북방	nc	북방
북방 지역	nc	북방지역
북방지역	nc	북방지역
북부 연방	nc	북부연방
북부 지방	nc	북부지방
북부연방	nc	북부연방
북부지방	nc	북부지방
분수대	nc	분수대
분향소	nc	분향소
불모지	nc	불모지
비그늘지역	nc	비그늘지역
비밀 도시	nc	비밀도시
비밀도시	nc	비밀도시
비상구	nc	비상구
비포장 도로	nc	비포장도로
비포장도로	nc	비포장도로
빈소	nc	빈소
빵집	nc	빵집
사무소	nc	사무소
사무실	nc	사무실
사무처	nc	사무처
사업소	nc	사업소
사업실	nc	사업실
사업장	nc	사업장
사용자 공간	nc	사용자공간
사용자공간	nc	사용자공간
사용처	nc	사용처
사우나	nc	사우나
사육장	nc	사육장
사진관	nc	사진관
사진전	nc	사진전
산성	nc	산성
살롱	nc	살롱
상가	nc	상가
상권	nc	상권
상담실	nc	상담실
상업 지구	nc	상업지구
상업지구	nc	상업지구
상영관	nc	상영관
상회	nc	상회
생태 도시	nc	생태도시
생태도시	nc	생태도시
서부	nc	서부
서부 지방	nc	서부지방
서부지방	nc	서부지방
서브 웨이	nc	서브웨이
서브웨이	nc	서브웨이
서양	nc	서양
서원	nc	서원
서재	nc	서재
서해	nc	서해
석실	nc	석실
선거구	nc	선거구
선착장	nc	선착장
섬	nc	섬
성	nc	성
성곽 도시	nc	성곽도시
성곽도시	nc	성곽도시
성당	nc	성당
성벽 도시	nc	성벽도시
성벽도시	nc	성벽도시
성지	nc	성지
성채 도시	nc	성채도시
성채도시	nc	성채도시
성층 화산	nc	성층화산
성층화산	nc	성층화산
성탄절 시장	nc	성탄절시장
성탄절시장	nc	성탄절시장
세계 도시	nc	세계도시
세계 시장	nc	세계시장
세계도시	nc	세계도시
세계시장	nc	세계시장
세미나실	nc	세미나실
센터	nc	센터
소극장	nc	소극장
소매 시장	nc	소매시장
소매시장	nc	소매시장
소방 본부	nc	소방본부
소방본부	nc	소방본부
소우지	nc	소우지
소행성	nc	소행성
쇼핑 센터	nc	쇼핑센터
쇼핑센터	nc	쇼핑센터
수력 발전소	nc	수력발전소
수력발전소	nc	수력발전소
수산 시장	nc	수산시장
수상실	nc	수상실
수소 충전소	nc	수소충전소
수소충전소	nc	수소충전소
수영장	nc	수영장
수족관	nc	수족관
숙소	nc	숙소
순상 화산	nc	순상화산
순상화산	nc	순상화산
순환 고속 도로	nc	순환고속도로
순환 고속도로	nc	순환고속도로
순환 도로	nc	순환도로
순환고속도로	nc	순환고속도로
순환도로	nc	순환도로
숲	nc	숲
슈퍼 센터	nc	슈퍼센터
슈퍼 화산	nc	슈퍼화산
슈퍼센터	nc	슈퍼센터
슈퍼화산	nc	슈퍼화산
스노 브리지	nc	스노브리지
스노브 리지	nc	스노브리지
스노브리지	nc	스노브리지
스노우 브리지	nc	스노우브리지
스노우브리지	nc	스노우브리지
스쿨	nc	스쿨
스퀘어	nc	스퀘어
스키장	nc	스키장
스타디움	nc	스타디움
스테이션	nc	스테이션
스테이지	nc	스테이지
스테이트	nc	스테이트
스튜디오	nc	스튜디오
스트리트	nc	스트리트
스트릿	nc	스트릿
슬럼	nc	슬럼
습곡 산맥	nc	습곡산맥
습곡산맥	nc	습곡산맥
시계탑	nc	시계탑
시골	nc	시골
시군	nc	시군
시내	nc	시내
시네마 테크	nc	시네마테크
시네마테크	nc	시네마테크
시립 미술관	nc	시립미술관
시립미술관	nc	시립미술관
시민 광장	nc	시민광장
시민광장	nc	시민광장
시성	nc	시성
시장	nc	시장
시청	nc	시청
시티	nc	시티
식당	nc	식당
신도시	nc	신도시
신사옥	nc	신사옥
신혼집	nc	신혼집
실내	nc	실내
실내 경기장	nc	실내경기장
실내 수영장	nc	실내수영장
실내 체육관	nc	실내체육관
실내경기장	nc	실내경기장
실내수영장	nc	실내수영장
실내체육관	nc	실내체육관
실외	nc	실외
실주소	nc	실주소
실험실	nc	실험실
쓰레기장	nc	쓰레기장
씨어터	nc	씨어터
아래쪽	nc	아래쪽
아지트	nc	아지트
아침 시장	nc	아침시장
아침시장	nc	아침시장
아쿠아 리움	nc	아쿠아리움
아쿠아리움	nc	아쿠아리움
아트 센터	nc	아트센터
아트센터	nc	아트센터
아트홀	nc	아트홀
아티스트 갤러리	nc	아티스트갤러리
아티스트갤러리	nc	아티스트갤러리
아파트	nc	아파트
안경원	nc	안경원
안방 극장	nc	안방극장
안방극장	nc	안방극장
암벽장	nc	암벽장
앞부분	nc	앞부분
앞자리	nc	앞자리
애견 호텔	nc	애견호텔
애견샵	nc	애견샵
애견호텔	nc	애견호텔
야구장	nc	야구장
야시장	nc	야시장
야영장	nc	야영장
야외	nc	야외
야외 극장	nc	야외극장
야외극장	nc	야외극장
양로원	nc	양로원
양식장	nc	양식장
양조장	nc	양조장
양지	nc	양지
언덕	nc	언덕
얼음 화산	nc	얼음화산
얼음화산	nc	얼음화산
여울	nc	여울
여행지	nc	여행지
역내	nc	역내
역사 박물관	nc	역사박물관
역사박물관	nc	역사박물관
연구 센터	nc	연구센터
연구센터	nc	연구센터
연구실	nc	연구실
연합 공국	nc	연합공국
연합공국	nc	연합공국
열대 지방	nc	열대지방
열대우림	nc	열대우림
열대지방	nc	열대지방
영어 마을	nc	영어마을
영어권	nc	영어권
영어마을	nc	영어마을
영웅 도시	nc	영웅도시
영웅도시	nc	영웅도시
영화관	nc	영화관
옆집	nc	옆집
예식장	nc	예식장
예정지	nc	예정지
오락실	nc	오락실
오름	nc	오름
오아시스	nc	오아시스
오페라 극장	nc	오페라극장
오페라극장	nc	오페라극장
오피스텔	nc	오피스텔
옥상	nc	옥상
옥외	nc	옥외
옥포	nc	옥포
온대 지방	nc	온대지방
온대지방	nc	온대지방
온천	nc	온천
온천 마을	nc	온천마을
온천마을	nc	온천마을
왕궁	nc	왕궁
외곽	nc	외곽
욕실	nc	욕실
우리집	nc	우리집
우물	nc	우물
우성 아파트	nc	우성아파트
우성아 파트	nc	우성아파트
우성아파트	nc	우성아파트
우주 공간	nc	우주공간
우주 공항	nc	우주공항
우주공간	nc	우주공간
우체통	nc	우체통
운동 공원	nc	운동공원
운동공원	nc	운동공원
운동장	nc	운동장
운전석	nc	운전석
원룸	nc	원룸
원자력 발전소	nc	원자력발전소
원자력발전소	nc	원자력발전소
원자로	nc	원자로
원전	nc	원전
원형 경기장	nc	원형경기장
원형 극장	nc	원형극장
원형경기장	nc	원형경기장
원형극장	nc	원형극장
웨딩 스튜디오	nc	웨딩스튜디오
웨딩스튜디오	nc	웨딩스튜디오
웨딩홀	nc	웨딩홀
웨스트	nc	웨스트
위성 도시	nc	위성도시
위성도시	nc	위성도시
위층	nc	위층
유령 도시	nc	유령도시
유령도시	nc	유령도시
유료 도로	nc	유료도로
유료도로	nc	유료도로
유비쿼터스 도시	nc	유비쿼터스도시
유비쿼터스도시	nc	유비쿼터스도시
유스 타운	nc	유스타운
유스타운	nc	유스타운
유적박물관	nc	유적박물관
유적지	nc	유적지
유통 센터	nc	유통센터
유통센터	nc	유통센터
육지	nc	육지
은신처	nc	은신처
은하	nc	은하
은하계	nc	은하계
응급실	nc	응급실
의료원	nc	의료원
이국	nc	이국
이발소	nc	이발소
이적 시장	nc	이적시장
이적시장	nc	이적시장
인공 암벽장	nc	인공암벽장
인공섬	nc	인공섬
인공암벽장	nc	인공암벽장
임대 아파트	nc	임대아파트
임대아파트	nc	임대아파트
입구	nc	입구
입학처	nc	입학처
자매 결연 도시	nc	자매결연도시
자매 도시	nc	자매도시
자매결연 도시	nc	자매결연도시
자매결연도시	nc	자매결연도시
자매도시	nc	자매도시
자연사박물관	nc	자연사박물관
자연요양소	nc	자연요양소
자유 공간	nc	자유공간
자유 광장	nc	자유광장
자유 제국 도시	nc	자유제국도시
자유 제국도시	nc	자유제국도시
자유공간	nc	자유공간
자유광장	nc	자유광장
자유제국도시	nc	자유제국도시
자치도	nc	자치도
자택	nc	자택
작업장	nc	작업장
작은 도시	nc	작은도시
작은도시	nc	작은도시
장례 식장	nc	장례식장
장례식장	nc	장례식장
장터	nc	장터
재래 시장	nc	재래시장
재래시장	nc	재래시장
저수지	nc	저수지
저장소	nc	저장소
저택	nc	저택
적진	nc	적진
전문점	nc	전문점
전산실	nc	전산실
전세계	nc	전세계
전시실	nc	전시실
전용 경기장	nc	전용경기장
전용경기장	nc	전용경기장
전원 도시	nc	전원도시
전원도시	nc	전원도시
전장	nc	전장
전통 시장	nc	전통시장
전통시장	nc	전통시장
점포	nc	점포
정글	nc	정글
정류장	nc	정류장
정자	nc	정자
조력 발전소	nc	조력발전소
조력발전소	nc	조력발전소
조선소	nc	조선소
종점	nc	종점
종착역	nc	종착역
종합 경기장	nc	종합경기장
종합경기장	nc	종합경기장
좌판	nc	좌판
주거 지역	nc	주거지역
주거지역	nc	주거지역
주민 센터	nc	주민센터
주민센터	nc	주민센터
주방	nc	주방
주변	nc	주변
주유소	nc	주유소
주택가	nc	주택가
중남부 지방	nc	중남부지방
중남부지방	nc	중남부지방
중동부 지방	nc	중동부지방
중동부지방	nc	중동부지방
중부 지방	nc	중부지방
중부지방	nc	중부지방
중북부 지방	nc	중북부지방
중북부지방	nc	중북부지방
중서부 지방	nc	중서부지방
중서부지방	nc	중서부지방
중소 도시	nc	중소도시
중소도시	nc	중소도시
중심 공항	nc	중심공항
중심 업무 지구	nc	중심업무지구
중심가	nc	중심가
중심공항	nc	중심공항
중심업무지구	nc	중심업무지구
지구	nc	지구
지구상	nc	지구상
지뢰밭	nc	지뢰밭
지름길	nc	지름길
지역구	nc	지역구
지하	nc	지하
지하 공간	nc	지하공간
지하 상가	nc	지하상가
지하 차도	nc	지하차도
지하공간	nc	지하공간
지하도	nc	지하도
지하상가	nc	지하상가
지하실	nc	지하실
지하차도	nc	지하차도
지하철역	nc	지하철역
직매장	nc	직매장
직장	nc	직장
진리부	nc	진리부
진흙 화산	nc	진흙화산
진흙화산	nc	진흙화산
집안	nc	집안
찜질방	nc	찜질방
차량 기지	nc	차량기지
차량기지	nc	차량기지
창가	nc	창가
창고	nc	창고
창구	nc	창구
창밖	nc	창밖
창조 도시	nc	창조도시
창조도시	nc	창조도시
창해	nc	창해
처방실	nc	처방실
철도역	nc	철도역
청사	nc	청사
체육관	nc	체육관
초소	nc	초소
초원	nc	초원
초화산	nc	초화산
총본산	nc	총본산
촬영 현장	nc	촬영현장
촬영장	nc	촬영장
촬영현장	nc	촬영현장
축구 경기장	nc	축구경기장
축구 전용 경기장	nc	축구전용경기장
축구 전용 구장	nc	축구전용구장
축구 전용경기장	nc	축구전용경기장
축구 전용구장	nc	축구전용구장
축구경기장	nc	축구경기장
축구장	nc	축구장
축구전용경기장	nc	축구전용경기장
축구전용구장	nc	축구전용구장
충전소	nc	충전소
친정	nc	친정
침상 도시	nc	침상도시
침상도시	nc	침상도시
침실	nc	침실
카지노	nc	카지노
캠퍼스	nc	캠퍼스
캠프장	nc	캠프장
캠핑장	nc	캠핑장
컨벤션센터	nc	컨벤션센터
컨츄리 클럽	nc	컨츄리클럽
컨츄리클럽	nc	컨츄리클럽
컨퍼런스 센터	nc	컨퍼런스센터
컨퍼런스센터	nc	컨퍼런스센터
케이블카	nc	케이블카
콘서트장	nc	콘서트장
콘퍼런스 센터	nc	콘퍼런스센터
콘퍼런스센터	nc	콘퍼런스센터
콜센터	nc	콜센터
크리스마스 시장	nc	크리스마스시장
크리스마스시장	nc	크리스마스시장
타는곳	nc	타는곳
타운	nc	타운
탐방로	nc	탐방로
터미널	nc	터미널
텃밭	nc	텃밭
테라스	nc	테라스
테마 도로	nc	테마도로
테마 로드	nc	테마로드
테마 파크	nc	테마파크
테마도로	nc	테마도로
테마로드	nc	테마로드
테마파크	nc	테마파크
텔레비전 스튜디오	nc	텔레비전스튜디오
텔레비전스튜디오	nc	텔레비전스튜디오
텔레폰 클럽	nc	텔레폰클럽
텔레폰클럽	nc	텔레폰클럽
템플	nc	템플
투기 지역	nc	투기지역
투기지역	nc	투기지역
트윈 타워	nc	트윈타워
트윈타워	nc	트윈타워
파도풀	nc	파도풀
파우더룸	nc	파우더룸
파크	nc	파크
팩토리	nc	팩토리
펜스	nc	펜스
폐쇄 도시	nc	폐쇄도시
폐쇄도시	nc	폐쇄도시
폐차장	nc	폐차장
포구	nc	포구
포토 갤러리	nc	포토갤러리
포토 스튜디오	nc	포토스튜디오
포토갤러리	nc	포토갤러리
포토스튜디오	nc	포토스튜디오
폭포	nc	폭포
프론트	nc	프론트
프리미엄 아울렛	nc	프리미엄아울렛
프리미엄아울렛	nc	프리미엄아울렛
피부 관리실	nc	피부관리실
피부관리실	nc	피부관리실
피트 니스 센터	nc	피트니스센터
피트니스 센터	nc	피트니스센터
피트니스센터	nc	피트니스센터
필드	nc	필드
하늘	nc	하늘
하늘 정원	nc	하늘정원
하늘정원	nc	하늘정원
하단	nc	하단
하방	nc	하방
하위	nc	하위
학교 식당	nc	학교식당
학교도서관	nc	학교도서관
학교식당	nc	학교식당
학술 도시	nc	학술도시
학술도시	nc	학술도시
학원가	nc	학원가
한국 시장	nc	한국시장
한국 타운	nc	한국타운
한국시장	nc	한국시장
한국타운	nc	한국타운
한인 타운	nc	한인타운
한인타운	nc	한인타운
할렘가	nc	할렘가
할인 매장	nc	할인매장
할인매장	nc	할인매장
할인점	nc	할인점
핫래버러토리	nc	핫래버러토리
항구	nc	항구
해군 기지	nc	해군기지
해군기지	nc	해군기지
해변	nc	해변
해안 산맥	nc	해안산맥
해안산맥	nc	해안산맥
해외	nc	해외
핵 발전소	nc	핵발전소
핵발전소	nc	핵발전소
행사장	nc	행사장
행성	nc	행성
행정 구역	nc	행정구역
행정 도시	nc	행정도시
행정 복합 도시	nc	행정복합도시
행정 중심 복합 도시	nc	행정중심복합도시
행정구역	nc	행정구역
행정도시	nc	행정도시
행정복합도시	nc	행정복합도시
행정중심 복합도시	nc	행정중심복합도시
행정중심복합도시	nc	행정중심복합도시
허브 공항	nc	허브공항
허브공항	nc	허브공항
헤븐	nc	헤븐
혁신 도시	nc	혁신도시
혁신도시	nc	혁신도시
현관	nc	현관
현장	nc	현장
협곡	nc	협곡
호프	nc	호프
홀	nc	홀
홈 네이션	nc	홈네이션
홈구장	nc	홈구장
홈네이션	nc	홈네이션
홍대 맛집	nc	홍대맛집
홍대맛집	nc	홍대맛집
홍보실	nc	홍보실
화산섬	nc	화산섬
화원	nc	화원
화장실	nc	화장실
활주로	nc	활주로
회관	nc	회관
횟집	nc	횟집
후보지	nc	후보지
훈련 센터	nc	훈련센터
훈련센터	nc	훈련센터
휴게소	nc	휴게소
고원	nc	고원
동굴	nc	동굴
묘지	nc	묘지
반도	nc	반도
콜 센터	nc	콜센터
미궁	nc	미궁
회당	nc	회당
아름다운 곳	nc	아름다운곳
아름다운곳	nc	아름다운곳
내리막길	nc	내리막길
빈민가	nc	빈민가
중도	nc	중도
감자농장	nc	감자농장
감자밭	nc	감자밭
강변 식당	nc	강변식당
강변식당	nc	강변식당
개울가 식당	nc	개울가식당
개울가식당	nc	개울가식당
구내식당	nc	구내식당
국수촌	nc	국수촌
극장가	nc	극장가
금광	nc	금광
넝쿨숲	nc	넝쿨숲
다 락	nc	다락
다공간	nc	다공간
당구장	nc	당구장
돌산	nc	돌산
동방	nc	동방
등대	nc	등대
떡가게	nc	떡가게
랜드마크	nc	랜드마크
매점	nc	매점
명품사	nc	명품사
뮤지엄	nc	뮤지엄
밥집	nc	밥집
버스존	nc	버스존
본가점	nc	본가점
산지	nc	산지
살림원	nc	살림원
서남해	nc	서남해
서신	nc	서신
서한	nc	서한
섬오름	nc	섬오름
성도	nc	성도
성안	nc	성안
신전	nc	신전
아고라	nc	아고라
열방	nc	열방
영전	nc	영전
일터	nc	일터
자료원	nc	자료원
전방	nc	전방
전우사	nc	전우사
죽림	nc	죽림
중앙은행	nc	중앙은행
창공	nc	창공
창업터	nc	창업터
천산	nc	천산
천지산	nc	천지산
초암	nc	초암
커피밭	nc	커피밭
켐프	nc	켐프
큰집	nc	큰집
태안	nc	태안
툰드라	nc	툰드라
팔도	nc	팔도
풍산	nc	풍산
강연실	nc	강연실
바닷길	nc	바닷길
방주	nc	방주
주재관	nc	주재관
지상	nc	지상
왕국	nc	왕국
게이클럽	nc	게이클럽
게이 클럽	nc	게이클럽
담양펜션	nc	담양펜션
담양 펜션	nc	담양펜션
종가집	nc	종가집
산	nc	산
불펜	nc	불펜
고담	nc	고담
국경	nc	국경
도성	nc	도성
리버	nc	리버
빙우	nc	빙우
여인숙	nc	여인숙
옥타곤	nc	옥타곤
지중해	nc	지중해
타워	nc	타워
폐가	nc	폐가
감자 농장	nc	감자농장
구내 식당	nc	구내식당
랜드 마크	nc	랜드마크
선술집	nc	선술집
시골집	nc	시골집
양식집	nc	양식집
이웃집	nc	이웃집
이층집	nc	이층집
작은집	nc	작은집
주인집	nc	주인집
초가집	nc	초가집
커피집	nc	커피집
판자집	nc	판자집
하숙집	nc	하숙집
기와집	nc	기와집
부스	nc	부스
주차장	nc	주차장
화장실	nc	화장실
고개	nc	고개
숙소	nc	숙소
건물	nc	건물
수영장	nc	수영장
식당	nc	식당
주변	nc	주변
입구	nc	입구
직장	nc	직장
해외	nc	해외
현장	nc	현장
바닥	nc	바닥
강	nc	강
출구	nc	출구
전국	nc	전국
샤워실	nc	샤워실
풀빌라	nc	풀빌라
라운지	nc	라운지
드라마세트장	nc	드라마세트장
음악분수	nc	음악분수
드라마 세트장	nc	드라마세트장
다운타운	nc	다운타운
다운 타운	nc	다운타운
테마가든	nc	테마가든
테마 가든	nc	테마가든
근무지	nc	근무지
거실	nc	거실
개인룸	nc	개인룸
기차역	nc	기차역
간이역	nc	간이역
철길	nc	철길
카페 테라스	nc	카페테라스
카페테라스	nc	카페테라스
가구점	nc	가구점
가맹점	nc	가맹점
노점	nc	노점
대리점	nc	대리점
대여점	nc	대여점
면세점	nc	면세점
백화점	nc	백화점
음식점	nc	음식점
주점	nc	주점
직영점	nc	직영점
판매점	nc	판매점
공항면세점	nc	공항면세점
커피전문점	nc	커피전문점
편의점	nc	편의점
문구점	nc	문구점
잡화점	nc	잡화점
팬시점	nc	팬시점
공항 면세점	nc	공항면세점
커피 전문점	nc	커피전문점
대형할인점	nc	대형할인점
간이주점	nc	간이주점
간이 주점	nc	간이주점
대중음식점	nc	대중음식점
대중 음식점	nc	대중음식점
보험대리점	nc	보험대리점
보험 대리점	nc	보험대리점
온라인 서점	nc	온라인서점
온라인서점	nc	온라인서점
가게	nc	가게
뷔페	nc	뷔페
한식뷔페	nc	한식뷔페
한식 뷔페	nc	한식뷔페
분식	nc	분식
테마카페	nc	테마카페
테마 카페	nc	테마카페
포차	nc	포차
포장마차	nc	포장마차
포장 마차	nc	포장마차
레스토랑	nc	레스토랑
